key,alt,answer,audio
回家,"huíjiā (回家, 回家)",return home,top2/1.mp3
獨立,"dúlì (獨立, 独立)",stand alone,top2/2.mp3
英國,"yīngguó (英國, 英国)","Britain, Great_Britain, England, chapel, Great Britain, English, UK, reeve, John_Bull",top2/3.mp3
投資,"tóuzī (投資, 投资)",invest,top2/4.mp3
理論,"lǐlùn (理論, 理论)",theory,top2/5.mp3
面臨,"miànlín (面臨, 面临)","have, face, confront, envisage, flank, present, be faced with, be up against, bide, meet",top2/6.mp3
選手,"xuǎnshǒu (選手, 选手)","participant, basketeer, athlete selected for a sports meet, basketball player, jock, contestant, cap, cager, athlete, player, champ, performer, player selected as contestant",top2/7.mp3
分鐘,"fēnzhōng (分鐘, 分钟)",m.[standard],top2/8.mp3
內部,"nèibù (內部, 内部)","entrails, bowel, interior, inner, within, bosom, inside, innards, internal, inward",top2/9.mp3
西方,"xīfāng (西方, 西方)","the Occident, West, New World, occidental, westward, west, the West, the west, Hesperian, occident, Western, sunset, western hemisphere, western",top2/10.mp3
人家,"rénjiā (人家, 人家)","I used by females , dwelling, I, sb. else, sb. else's house, family, household",top2/11.mp3
準備,"zhǔnbèi (準備, 准备)","prepare, get ready",top2/12.mp3
眼睛,"yǎnjīng (眼睛, 眼睛)",eye,top2/13.mp3
如,"rú (如, 如)","conj.: if, supposing",top2/14.mp3
眼,"yǎn (眼, 眼)","eye, small hole, aperture, salient/weighted point, salient/weighted point",top2/15.mp3
離開,"líkāi (離開, 离开)","leave, depart/deviate from",top2/16.mp3
競爭,"jìngzhēng (競爭, 竞争)",competition,top2/17.mp3
專利,"zhuānlì (專利, 专利)",patent,top2/18.mp3
成果,"chéngguǒ (成果, 成果)","product, achievement, outcome, gain, production, fruit, positive result, progeny, job",top2/19.mp3
活,"huó (活, 活)","alive, live, vivid, save sb.'s life , activate, save, be",top2/20.mp3
心情,"xīnqíng (心情, 心情)","cognitive state, cue, frame of mind, form, stomach, pulse, humor, feeling, temper, state of mind, cheer, humour, frame/state of mind, mood, vein, spirit, feelings, frame, frame_of_mind, habit of mind, mind, tune",top2/21.mp3
介紹,"jièshào (介紹, 介绍)","introduce, present, recommend, suggest, let know, brief",top2/22.mp3
現場,"xiànchǎng (現場, 现场)","scene of an incident , location, site, locale, scene of a crime, locality, live, scene, spot, field",top2/23.mp3
突然,"túrán (突然, 突然)","suddenly, presto, unexpectedly, abruptly, at once, all_at_once, all together, all of a sudden, all at once",top2/24.mp3
客戶,"kèhù (客戶, 客户)","clientage, custom, customer, client, business, patronage, clientele",top2/25.mp3
間,"jiān (間, 间)","locality, room",top2/26.mp3
印象,"yìnxiàng (印象, 印象)","effect, mark, impress, embossment, impressional, image, imprint, engram, sound, intuition, impression",top2/27.mp3
花,"huā (花, 花)","spend, expend, cost",top2/28.mp3
海,"hǎi (海, 海)","water, foam, bottom, main, huge group of people, Surname, sea catfish, the sea, sea, mare, drink, fishpond, briny, great capacity, Neptune, billow, huge group of things, depth, waters, pond, wave, brine, big lake",top2/29.mp3
真正,"zhēnzhèng (真正, 真正)","genuine, true, real",top2/30.mp3
保持,"bǎochí (保持, 保持)","keep, maintain, preserve",top2/31.mp3
時期,"shíqí (時期, 时期)","epoch, season, date, period_of_time, phase, day, occasion, estate, period, length, period of time , phase angle, stage, conjuncture, chapter, times, era, leg, guardianship",top2/32.mp3
層,"céng (層, 层)",m.[proximation],top2/33.mp3
方便,"fāngbiàn (方便, 方便)",convenient,top2/34.mp3
幫助,"bāngzhù (幫助, 帮助)","aid, bridge_over, help, bestead, bring_on, tide_over, serve, support, facilitate, accommodate, carry_through, assist, administer, attend_to, assistance, befriend, further, favour",top2/35.mp3
基礎,"jīchǔ (基礎, 基础)","base, foundation",top2/36.mp3
個人,"gèrén (個人, 个人)","individual person, man_jack, personal, individual person , man jack, individual, individuality, identity",top2/37.mp3
新竹,"xīnzhú (新竹, 新竹)",Hsin Chu city in Taiwan,top2/38.mp3
李,"lǐ (李, 李)","plum, Lee, Surname, Li",top2/39.mp3
生,"shēng (生, 生)","give birth to, bear, grow, get, have, cause to happen, make a fire , exist, live",top2/40.mp3
圖書館,"túshūguǎn (圖書館, 图书馆)",library,top2/41.mp3
她們,"tāmen (她們, 她们)",they female,top2/42.mp3
美元,"měiyuán (美元, 美元)",m.[standard],top2/43.mp3
讀,"dú (讀, 读)","study, read, attend school, take, read aloud, read aloud , peruse",top2/44.mp3
以來,"yǐlái (以來, 以来)",since,top2/45.mp3
或許,"huòxǔ (或許, 或许)","possibly, in all probability, peradventure, conceivably, mayhap, likely, perhaps, perchance, probably, maybe, haply, in all likelihood, belike",top2/46.mp3
課,"kè (課, 课)","subject, course, class",top2/47.mp3
病人,"bìngrén (病人, 病人)","shut in, patient, subject, sufferer, case, valetudinarian, invalid",top2/48.mp3
實驗,"shíyàn (實驗, 实验)","experiment, test",top2/49.mp3
有時候,"yǒushíhòu (有時候, 有时候)","from time to time, on_occasion, occasionally, somewhile, otherwhile, now and again, sometimes, now and then, at times, on occasion, whiles, once in a while",top2/50.mp3
辦理,"bànlǐ (辦理, 办理)","handle, manage, attend, conduct, enact, transact, transaction",top2/51.mp3
部門,"bùmén (部門, 部门)","category, section, department, service, instrumentality, branch, realm, sector, ministry, province, divisional, classification, departmental, division",top2/52.mp3
類似,"lèisì (類似, 类似)","analogize, conform, analogic, be similar to, resemble, similar, analogous",top2/53.mp3
廣告,"guǎnggào (廣告, 广告)",advertisement,top2/54.mp3
送,"sòng (送, 送)","accompaniment, escort, see sb. off, see sb. off/out, to dispatch, see ... off, accompany, to deliver, send, direct, serve, guide, give as a present, deliver, see sb. out, see, lead, see ... out, conduct, give, to send, carry, delivery, carriage, take, hospitalize",top2/55.mp3
夠,"gòu (夠, 够)",be enough/sufficient/adequate,top2/56.mp3
新加坡,"xīnjiāpō (新加坡, 新加坡)",Singapore,top2/57.mp3
擔心,"dānxīn (擔心, 担心)","worry, feel anxious",top2/58.mp3
商業,"shāngyè (商業, 商业)","business enterprise, commercial, people, mercantilism, commercial pursuit, commercial enterprise, business sector, merchantry, trade, mercantile pursuit, business, commerce",top2/59.mp3
掌握,"zhǎngwò (掌握, 掌握)","take ... into one's hands, know well, master, have in hand, grasp, command, possess, control",top2/60.mp3
兩岸,"liǎngàn (兩岸, 两岸)","both sides of a river, both sides of the Taiwan Straits I.e.,  Chinese Mainland and Taiwan",top2/61.mp3
門,"mén (門, 门)","door, gate",top2/62.mp3
方案,"fāngàn (方案, 方案)","formula, plan, scheme, projection, programme, proposal, schema, strategy, project, design, program",top2/63.mp3
至少,"zhìshǎo (至少, 至少)","leastwise, leastways, at the least, at_least, only, fully, even a little, at least, at any rate, in the least, at least, at the least",top2/64.mp3
看法,"kànfǎ (看法, 看法)","side, view, mentality, idea, outlook, a way of looking at a thing, opinion, thought, sight, standpoint, hypothesis, attitude, hobbyhorse, viewpoint, possibility, theory, slant, pronouncement, way of looking at sth., thinking, supposition, supposal",top2/65.mp3
原本,"yuánběn (原本, 原本)","originally, formerly",top2/66.mp3
措施,"cuòshī (措施, 措施)","measure, demarche, corrective, move, step",top2/67.mp3
表現,"biǎoxiàn (表現, 表现)","show, display, show off",top2/68.mp3
社團,"shètuán (社團, 社团)","gild, college, lodge, association, organization, club, body of persons, society, mass organization, order, league, guild, confraternity, corporation",top2/69.mp3
九,"jiǔ (九, 九)",det.: nine,top2/70.mp3
展開,"zhǎnkāi (展開, 展开)","spread out, unfold, open up, launch, develop",top2/71.mp3
博士,"bóshì (博士, 博士)","Ph.D, master of any trade/craft, master of any craft, Dr., holder of doctoral degree, master of any trade, Erudite, doctoral, Doctor_of_Philosophy, Ph.D., court academician, craft, ""Erudite"", Doctor of Philosophy, doctor",top2/72.mp3
道路,"dàolù (道路, 道路)","track, path, runway, steps, route, course, toby, road, thoroughfare, way",top2/73.mp3
竟,"jìng (竟, 竟)",unexpectedly,top2/74.mp3
項目,"xiàngmù (項目, 项目)","event, head, item, particular, article, point, specific, entry, listing, clause, project",top2/75.mp3
需,"xū (需, 需)",need,top2/76.mp3
學院,"xuéyuàn (學院, 学院)","seminary, college, school, hall, institute, academy, faculty",top2/77.mp3
代表,"dàibiǎo (代表, 代表)","represent, indicate",top2/78.mp3
同意,"tóngyì (同意, 同意)","agree, consent, approve",top2/79.mp3
原住民,"yuánzhùmín (原住民, 原住民)",aborigine,top2/80.mp3
策略,"cèluè (策略, 策略)","coup, resource, enginery, wile, stratagem, gambit, practice, plant, diplomacy, artifice, trap, twist, tactical manoeuver, policy, game, mechanism, game plan, ambush, chicanery, finesse, lying in wait, maneuvering, joker, tactics, gimmick, manoeuvering, plan, device, art, tactical maneuver, maneuver, measure, play, tactic, manoeuvre, mechanics, tack, ambuscade, trickery, strategy, setup, r",top2/81.mp3
白,"bái (白, 白)","white, clear, pure, plain, wrongly written/mispronounced, ",top2/82.mp3
平均,"píngjūn (平均, 平均)",average,top2/83.mp3
所,"suǒ (所, 所)","place, office, bureau, institute",top2/84.mp3
靠,"kào (靠, 靠)",depend/rely on,top2/85.mp3
互相,"hùxiāng (互相, 互相)","mutual, each other, mutually, one another, reciprocally",top2/86.mp3
地位,"dìwèi (地位, 地位)","station, estate, importance, appointment, character, footing, capacity, chair, estate of the realm, level, situation, status, standing, position, spot, connection, space, sphere, quality, place, condition",top2/87.mp3
體育,"tǐyū (體育, 体育)","training, physical education, athletics, sports, gymnastic, physical_education, physical training, physical culture, physical education/training, gym",top2/88.mp3
樣,"yàng (樣, 样)",m.[kind],top2/89.mp3
亞洲,"yǎzhōu (亞洲, 亚洲)","Orient, Asian, Asia",top2/90.mp3
採取,"cǎiqǔ (採取, 采取)","operate, assume, adopt, accept, strike, take, take up, take over, borrow",top2/91.mp3
日,"rì (日, 日)",m.[standard],top2/92.mp3
畢業,"bìyè (畢業, 毕业)","graduate, finish school",top2/93.mp3
相同,"xiāngtóng (相同, 相同)","be identical/alike, uniform, be identical, overlap, alike, identical, be alike",top2/94.mp3
欣賞,"xīnshǎng (欣賞, 欣赏)","appreciate, enjoy, admire",top2/95.mp3
法律,"fǎlù (法律, 法律)","constitution, juridical, legal, jus, judiciary, statute law, law, codex, legislation, jurisprudence, lex, code, Themis, statute, judicial, practice of law, prescript, forensic, natural law",top2/96.mp3
詞,"cí (詞, 词)","vocable, words, phrase, a kind of poetry originating in Tang dyn, statement, a form of classical poetry, part of speech, speech, Ci,  Chinese poetry, term, word",top2/97.mp3
大型,"dàxíng (大型, 大型)",large size machines/factories/etc.,top2/98.mp3
中華,"zhōnghuá (中華, 中华)","the Chinese nation, China",top2/99.mp3
台大,"táidà (台大, 台大)","National Taiwan University, National Taiwan University Hospital",top2/100.mp3
意思,"yìsī (意思, 意思)","significance, token of infection, intention, interest, idea, trace, meaning, thought, opinion, substance, etc., import, a token of appreciation/etc., indirect request, wish, a token of affection, desire, appreciation, fun, signification, gratitude, sense, hint, a token of affection/appreciation/etc., suggestion, mind, intent",top2/101.mp3
在一起,"zàiyīqǐ (在一起, 在一起)",be togather,top2/102.mp3
係,"xì (係, 系)",be,top2/103.mp3
持續,"chíxù (持續, 持续)","perennate, hang on, carry_over, persist, steady, keep, carry over, keep on, proceed, stretch, carry_on, retain, sustain, persevere, continuity, endure, stay, continue, hang in, hold, maintain, run, span, go on, run for, last, go along, exist, hold on",top2/104.mp3
群,"qún (群, 群)",m.[general],top2/105.mp3
慢慢,"mànmàn (慢慢, 慢慢)",slowly; gradually,top2/106.mp3
高雄,"gāoxióng (高雄, 高雄)","Kaohsiung,  a city in Taiwan, Gaoxiong, Kaohsiung a city in Taiwan",top2/107.mp3
製造,"zhìzào (製造, 制造)","make, manufacture, engineer, create, fabricate",top2/108.mp3
醫療,"yīliáo (醫療, 医疗)","treat, cure",top2/109.mp3
邀請,"yāoqǐng (邀請, 邀请)",invite,top2/110.mp3
滿足,"mǎnzú (滿足, 满足)","fulfil, fit, cope with, fill, be satisfied/contented, gloat, contented, arrive, be satisfied, satisfy, sate, gratify, serve, meet, appease, replete, supply, satisfied, fulfill, suffice, assuage, satiate, content, be contented, conform to, suit, match",top2/111.mp3
速度,"sùdù (速度, 速度)","pacing, wings, rate, quickness, fastness, velocity, swiftness, lick, pace, rapidity, speed, career, tempo",top2/112.mp3
重點,"zhòngdiǎn (重點, 重点)","taproot, accent, emphasis, focal point, point, keystone, hinge, salient point, stress, gravity",top2/113.mp3
保存,"bǎocún (保存, 保存)","preserve, conserve, keep",top2/114.mp3
評估,"pínggū (評估, 评估)","estimate, evaluate",top2/115.mp3
限制,"xiànzhì (限制, 限制)",restrictiveness,top2/116.mp3
符合,"fúhé (符合, 符合)","fulfil, conform, fit, tally with, fill, come_up_to, cohere, satisfy, accord, coincide, assort, equate, answer, tally, consist, meet, be in keeping with, chime_in, fulfill, look, accord/tally with, relate, chime, live up to, square, accord with, conform to, correspond",top2/117.mp3
利益,"lìyì (利益, 利益)","privilege, profit, vantage, favor, interest, behoof, account, goodness, gain, increment, avail, boon, plus, commodity, lucre, advantage, stead, boot, benefit, welfare, good, asset, behalf, percentage, stake, favour",top2/118.mp3
組成,"zǔchéng (組成, 组成)","form, make up into , compose",top2/119.mp3
檢查,"jiǎnchá (檢查, 检查)","check, inspect, examine",top2/120.mp3
看見,"kànjiàn (看見, 看见)","seeing, behold, see, descry, show, perceive, lay eyes on, lamp, spy, show up, sight, catch sight of,  catch sight of",top2/121.mp3
瞭解,"liǎojiě (瞭解, 瞭解)","understand, comprehend, find out, acquaint oneself with",top2/122.mp3
立刻,"lìkè (立刻, 立刻)","in a short time, at_once, promptly, offhand, at once, anon, instantly, straightway, now, slapbang, pronto, right_away, immediately, without delay, right away, forthwith, presto, at a time, before long, in a minute, swith, directly, in no time, incontinent, subito, without_delay, in real time, shortly, tout de suite, away, soon, presently, in a few seconds, very fast, chop",top2/123.mp3
女兒,"nǔér (女兒, 女儿)","daughter, girl",top2/124.mp3
數,"shù (數, 数)",det.: several,top2/125.mp3
上課,"shàngkè (上課, 上课)","attend class, go to class;give lesson/lecture",top2/126.mp3
整合,"zhěnghé (整合, 整合)",integrate,top2/127.mp3
更多,"gèngduō (更多, 更多)",det.: more,top2/128.mp3
唯一,"wéiyī (唯一, 唯一)","sole, one and only, only, unique",top2/129.mp3
人數,"rénshù (人數, 人数)",number of people,top2/130.mp3
的確,"díquè (的確, 的确)","certainly, surely",top2/131.mp3
主題,"zhǔtí (主題, 主题)","motif, lemma, musical theme, theme, thesis, idea, literary argument, argument, motive, leitmotiv, matter, subject_matter, keynote, issue, subject, topic, mythos, melodic theme",top2/132.mp3
用戶,"yònghù (用戶, 用户)","customer, subscriber, enjoyer, user, consumer",top2/133.mp3
快速,"kuàisù (快速, 快速)","expeditious, high speed, fast, rapid, clip",top2/134.mp3
設施,"shèshī (設施, 设施)","installation, facilities",top2/135.mp3
文學,"wénxué (文學, 文学)","literary, philology, letters, letter, literature",top2/136.mp3
步,"bù (步, 步)",m.[activity],top2/137.mp3
那裡,"nàlǐ (那裡, 那里)",that place,top2/138.mp3
到,"dào (到, 到)",conj.: to,top2/139.mp3
美,"měi (美, 美)","beautiful, pretty",top2/140.mp3
需要,"xūyào (需要, 需要)","need, demand",top2/141.mp3
失去,"shīqù (失去, 失去)","desert, shear, outgrow, loss, lost, miss, lose",top2/142.mp3
做為,"zuòwéi (做為, 做为)","excuse, to be as, to look upon as, purport, roof, to take for, to regard as, look on as, regard as, take for",top2/143.mp3
複雜,"fùzá (複雜, 复杂)","complicated, complex",top2/144.mp3
屆,"jiè (屆, 届)",m.[event],top2/145.mp3
作用,"zuòyòng (作用, 作用)","action, function, effect, intention, motive",top2/146.mp3
調整,"tiáozhěng (調整, 调整)","adjust, readjust, regulate, restructure, balance",top2/147.mp3
佔,"zhàn (佔, 佔)","constitute, make up, account for",top2/148.mp3
要求,"yāoqiú (要求, 要求)","demand, request",top2/149.mp3
高中,"gāozhōng (高中, 高中)","senior middle school, senior high school, senior_high_school",top2/150.mp3
動作,"dòngzuò (動作, 动作)","demeanor, motion, behavior, performance, demeanour, play, turn, operation, operative, looseness, agency, gesticulation, movement, gesture, comportment, business, action, move",top2/151.mp3
模式,"móshì (模式, 模式)","example, normal, rule, formula, pattern, form, shape, style, way, mode, convention, fashion, model",top2/152.mp3
多,"duó (多, 多)","to what degree, how...",top2/153.mp3
吸引,"xīyǐn (吸引, 吸引)","engross, arrest, appeal, fascinate, attraction, fetch, draw, transfix, pull in, entrance, pull, enamour, spellbind, enamor, capture, trance, captivate, call, grip, fascination, absorb, bewitch, tempt, becharm, speak_to, fix, engage, catch, rivet, enchant, beguile, charm, seduce, take, enwrap, magnetize, draw in, attract",top2/154.mp3
記得,"jìde (記得, 记得)","come to mind, think back, remember, recollect, recall, rememberance, mind, retain, place, spring to mind, bear in mind",top2/155.mp3
賣,"mài (賣, 卖)","bring, parade, prostitute, make living at, go, sell out, show off, negotiate, exert to the utmost, tout, not spare, deal, betray, make living by, at, sell, make living by/at, betrayal, trade, fetch, market, bring in",top2/156.mp3
例,"lì (例, 例)","example, instance, precedent, case, rule, regulation",top2/157.mp3
推廣,"tuīguǎng (推廣, 推广)","popularize, spread, extend",top2/158.mp3
本來,"běnlái (本來, 本来)","originally, at first, of course",top2/159.mp3
具體,"jùtǐ (具體, 具体)","concrete, specific, particular",top2/160.mp3
太太,"tàitài (太太, 太太)","lady, memsahib, Dona, dona, Mrs, mum, Senora, senora, Mrs., mistress of a household, madam, Frau, goodwife, missus, senhora, married woman, wife, vrouw, Madame, madame, missis, wahine, Signora, signora",top2/161.mp3
之中,"zhīzhōng (之中, 之中)","inside,  among,  within",top2/162.mp3
宗教,"zōngjiào (宗教, 宗教)","theology, community, religious, cult, creed, faith, religion",top2/163.mp3
舊,"jiù (舊, 旧)","old, aged, onetime, bygone, used, worn, past, former",top2/164.mp3
反應,"fǎnyìng (反應, 反应)","reaction, response, repercussion",top2/165.mp3
觀眾,"guānzhòng (觀眾, 观众)","onlooker, TV audience, attendance, audience, spectator, viewers, followers, crowd, gallery, viewer, following, house, viewing audience",top2/166.mp3
立場,"lìchǎng (立場, 立场)","view, stance, language, stand, ground, capacity, standing, situation, position, perspective, standpoint, stand point",top2/167.mp3
旅遊,"lǔyóu (旅遊, 旅遊)",travel,top2/168.mp3
因而,"yīnér (因而, 因而)",conj.: consequently,top2/169.mp3
理念,"lǐniàn (理念, 理念)","sense, conception, idea",top2/170.mp3
它們,"tāmen (它們, 它们)","they, they non human",top2/171.mp3
上面,"shàngmiàn (上面, 上面)","surface of, aspect, higher authority, upper side, the higher authorities, on top/surface of, on surface of, top, the higher ups, top side, upside, on top of, respect, above, on top, regard",top2/172.mp3
回,"huí (回, 回)","return, go back",top2/173.mp3
支,"zhī (支, 支)",m.[general],top2/174.mp3
少年,"shàonián (少年, 少年)","nipper, covey, early youth 10 16",top2/175.mp3
輔導,"fǔdǎo (輔導, 辅导)","coach, tutor",top2/176.mp3
爭取,"zhēngqǔ (爭取, 争取)","strive for, fight for, wrangle, work hard for, contest, go for, strive/fight for, contend, try_for, woo, try for, strive, win over, scramble, do all one can to",top2/177.mp3
想到,"xiǎngdào (想到, 想到)","imagine, ideate, think, envisage, anticipate, bethink, dream, recollect, think_of, call to mind, think of, occur, conceive of",top2/178.mp3
可能,"kěnéng (可能, 可能)","possible,  probable",top2/179.mp3
尊重,"zūnzhòng (尊重, 尊重)","respect, value, esteem",top2/180.mp3
替,"tì (替, 替)","for, on behalf of",top2/181.mp3
地點,"dìdiǎn (地點, 地点)","location, site, locale, locality, topographic point, point, venue, spot, situs, land site, place, locus",top2/182.mp3
何,"hé (何, 何)","det.: which, what",top2/183.mp3
黨,"dǎng (黨, 党)","section, Dang, political party, CCP, KMT, Ku_Klux_Klan, clique, The Party, party, tong, kinsfolk, the Party, faction, gang",top2/184.mp3
進步,"jìnbù (進步, 进步)","progress, advance, improve",top2/185.mp3
欲,"yū (欲, 欲)","choose, wish, care, want, desire, incline, propose",top2/186.mp3
危機,"wéijī (危機, 危机)","ambush, clutch, climacteric, crisis, precipice, hump, conjuncture, juncture, sharpness, gravity, edge",top2/187.mp3
正常,"zhèngcháng (正常, 正常)","normal, regular",top2/188.mp3
角度,"jiǎodù (角度, 角度)","aspect, perspective, degree, arcdegree, point of view, angle",top2/189.mp3
尚未,"shàngwèi (尚未, 尚未)","as yet, til now, heretofore, yet, thus far, so far, until now, up to now, hitherto, not_yet, not yet",top2/190.mp3
院長,"yuànzhǎng (院長, 院长)","director/president of museum/institute/etc. ,  head of branch of government",top2/191.mp3
習慣,"xíguàn (習慣, 习惯)","habit, custom",top2/192.mp3
期,"qí (期, 期)",m.[event],top2/193.mp3
環保,"huánbǎo (環保, 环保)",environmental protection,top2/194.mp3
交流,"jiāoliú (交流, 交流)","exchange, interflow, interchange",top2/195.mp3
困難,"kùnnán (困難, 困难)",difficult,top2/196.mp3
完整,"wánzhěng (完整, 完整)","complete, integrated, intact",top2/197.mp3
費用,"fèiyòng (費用, 费用)","tax, cost, expense, expenditure, due, rate, exes, outlay, outgo, fee, terms, toll, price, disbursement, fare, expenses, disbursal, retainer, pay, damage, charge, monetary value, consideration, outgoing",top2/198.mp3
上述,"shàngshù (上述, 上述)",above mentioned,top2/199.mp3
呈現,"chéngxiàn (呈現, 呈现)","assume, crop out, dish, appearance, show, lay out, present, basset, appear, take_on, emergence, emerge, come forth",top2/200.mp3
照顧,"zhàogù (照顧, 照顾)","look after, care for, attend to, patronize as customer",top2/201.mp3
達成,"dáchéng (達成, 达成)",reach an agreement,top2/202.mp3
批,"pī (批, 批)",m.[general],top2/203.mp3
培養,"péiyǎng (培養, 培养)","foster, train, develop, culture",top2/204.mp3
垃圾,"lèsè (垃圾, 垃圾)","leavings, crap, sordes, trumpery, culch, garbage, filth, debris, cultch, sweeping, trashery, raffle, slush, truck, detritus, rubbish, trash, dirt, muck, litter, offscouring, offal, rubble, recrement, dust, rejectamenta, refuse, junk, gook",top2/205.mp3
圖,"tú (圖, 图)","picture, drawing, chart, map",top2/206.mp3
擴大,"kuòdà (擴大, 扩大)","enlarge, expand, extend, swell, dilate",top2/207.mp3
篇,"piān (篇, 篇)",m.[general],top2/208.mp3
比例,"bǐlì (比例, 比例)","proportional, rate, proportionality, quotient, proportion, proportionment, scale, ratio, balance",top2/209.mp3
風格,"fēnggé (風格, 风格)","plan, signature, idiom, kind, aroma, manner, idiosyncrasy, negligence, style, mode, tone, expressive style, artistic style, touch",top2/210.mp3
難以,"nányǐ (難以, 难以)",be difficult to,top2/211.mp3
機關,"jīguān (機關, 机关)","mechanism, stratagem, scheme, intrigue",top2/212.mp3
情緒,"qíngxù (情緒, 情绪)","form, pulse, humor, depression, temper, feeling, spirits, monkey, emotion, sentiment, humour, soulfulness, mood, heartbeat, heartstrings, sulks, chord, vein, feelings, emotional state, spirit, frame_of_mind, sentiments, moodiness, emotions, steam, tune, soul",top2/213.mp3
勞工,"láogōng (勞工, 劳工)","work_force, navvy, galley slave, manual laborer, labor, mazdoor, peon, proletariat, working class, laborer, worker, workman, industrialist, labour, drudge, workingman, labourer",top2/214.mp3
一旦,"yīdàn (一旦, 一旦)","conj.: once,  some time or other",top2/215.mp3
多媒體,"duōméitǐ (多媒體, 多媒体)",multi media,top2/216.mp3
求,"qiú (求, 求)","seek, try, strive for",top2/217.mp3
絕對,"juéduì (絕對, 绝对)","absolutely, definitely",top2/218.mp3
資料庫,"zīliàokù (資料庫, 资料库)","data bank, database, data base, databank",top2/219.mp3
選舉,"xuǎnjǔ (選舉, 选举)",election,top2/220.mp3
不可能,"bùkěnéng (不可能, 不可能)",impossibly,top2/221.mp3
馬上,"mǎshàng (馬上, 马上)","in a short time, at_once, instantaneously, promptly, at once, incontinent, in the same breath, directively, instantly, slapbang, pronto, right_away, immediately, shortly, without delay, right away, tout de suite, forthwith, presently, in_no_time, at a time, soon, hereupon, in a few seconds, before long, at one time, outright, straightaway, in a minute, directly, momently, in a f",top2/222.mp3
說話,"shuōhuà (說話, 说话)","philosophize, thrum, talk, peach, babble out, speech, articulate, chat, speak, babble, gossip, blab out, sing, address, tattle, blab, mouth, say",top2/223.mp3
享受,"xiǎngshòu (享受, 享受)",enjoy,top2/224.mp3
工廠,"gōngchǎng (工廠, 工厂)","layout, mill, factory, remuneration, workshop, industrial plant, plant, hacienda, manufactory, works, shop",top2/225.mp3
食物,"shíwù (食物, 食物)","scran, board, ingesta, sustentation, provender, viand, chow, aliment, pabulum, edibles, prog, nurture, cheer, eatable, edible, alimentary, eatables, chowchow, nutrient, diet, bread, trencher, sustenance, nutriment, nosh, nutrition, victuals, cib., vivers, eating, toke, meat, cib, grub, peck, viands, comestible, nourishment, fare, victual, food, commons, fodder, scoff, victualage, muckamuck, ta",top2/226.mp3
消息,"xiāoxí (消息, 消息)","communication, witting, message, item, news, peep, info, intelligence, notice, information, advertisement, tidings, advert, word",top2/227.mp3
番,"fān (番, 番)",m.[event],top2/228.mp3
趨勢,"qūshì (趨勢, 趋势)","stream, gravitation, tendency, wind, tide, drift, sequel, trend, current, direction, inclination, tendence, momentum, flow",top2/229.mp3
房子,"fángzi (房子, 房子)","building of less than three stories , room, building, property, house",top2/230.mp3
觀點,"guāndiǎn (觀點, 观点)","view, aspect, stand, point_of_view, light, eyes, framework, sentiment, bet, standpoint, point of view, eye, viewpoint, slant, perspective, position, angle",top2/231.mp3
購買,"gòumǎi (購買, 购买)","invest, take, buy, make purchases, go shopping, purchase",top2/232.mp3
普遍,"pǔbiàn (普遍, 普遍)","universal, general, widespread, common",top2/233.mp3
設立,"shèlì (設立, 设立)","establish, found",top2/234.mp3
差異,"chāyì (差異, 差异)","gap, departure, spread, variance, divergence, difference, diversity, discrepancy, imparity, disparity, contrast, interval, differentia, distinction",top2/235.mp3
差,"chā (差, 差)","be short, lack",top2/236.mp3
另外,"lìngwài (另外, 另外)","in addition, moreover, besides",top2/237.mp3
統一,"tǒngyī (統一, 统一)","unify, unite, integrate",top2/238.mp3
青年,"qīngnián (青年, 青年)","young people, adolescent, youngster, springal, boy, youth, youths, stripling, young, hobbledehoy, younker",top2/239.mp3
行政院,"xíngzhèngyuàn (行政院, 行政院)",Executive Yuan,top2/240.mp3
規模,"guīmó (規模, 规模)","magnitude, dimensions, extent, scale, scope",top2/241.mp3
股,"gǔ (股, 股)",m.[general],top2/242.mp3
破壞,"pòhuài (破壞, 破坏)","violate, destroy",top2/243.mp3
想要,"xiǎngyào (想要, 想要)","please, wish, like, desire, desirable, desiderate, purport, feel_like, wish well, propose, desired, purpose, direct, want to, feel like, aim, want, calculate",top2/244.mp3
換,"huàn (換, 换)","adjourn, barter, exchange, commute, reseat, trade, conversion, convert, change",top2/245.mp3
選,"xuǎn (選, 选)","select, pick, elect, choose, take, pick out, van",top2/246.mp3
人力,"rénlì (人力, 人力)","strength, manpower, resources, manual labor",top2/247.mp3
水準,"shuǐzhǔn (水準, 水准)","level, plane, standard",top2/248.mp3
首,"shǒu (首, 首)",m.[general],top2/249.mp3
河川,"héchuān (河川, 河川)","river and creek, rivers, river",top2/250.mp3
文字,"wénzì (文字, 文字)","writing, phraseology, writing style, language, endearment, script, written language, text, writing phraseology, writing style/phraseology, character, textual, characters, symbolic representation, version, word sign, literal, letter, word, literalness",top2/251.mp3
立即,"lìjí (立即, 立即)","at_once, off hand, promptly, at once, down, instantly, directively, straightway, herewith, thereupon, ex tempore, without_delay, pronto, right_away, instant, straight, immediately, in_short_order, right away, instanter, straightaway, in short order, off the",top2/252.mp3
適當,"shìdàng (適當, 适当)","beseem, proper, suitable, suit",top2/253.mp3
醫師,"yīshī (醫師, 医师)","medico, MD, Aesculapius, physician, hakim, leech, Dr., powwow, medic, Aesculapian, doc, doctor",top2/254.mp3
屬,"shǔ (屬, 属)","belong, be born in the year of, belong to, be subordinate to, be",top2/255.mp3
重,"zhòng (重, 重)","heavy, weighty, important, considerable in amount/value",top2/256.mp3
就是說,"jiùshìshuō (就是說, 就是说)","that is to say, in other words, namely",top2/257.mp3
結婚,"jiéhūn (結婚, 结婚)","middle aisle, intermarry, mate, conjoin, get married, couple, married, espouse, pair, marry, unite, get_married, get hitched with, spouse, splice, hook up with, wed",top2/258.mp3
有,"yǒu (有, 有)","be, exist, also",top2/259.mp3
日子,"rìzi (日子, 日子)","yom, day, a particular day, livelihood, life, date, days, time",top2/260.mp3
非,"fēi (非, 非)","run counter to, not conform to",top2/261.mp3
貿易,"màoyì (貿易, 贸易)","deal, carriage trade, trade, business, commerce",top2/262.mp3
相當,"xiāngdāng (相當, 相当)","match, balance, correspond to, be equal to",top2/263.mp3
參觀,"cānguān (參觀, 参观)","visit,  tour",top2/264.mp3
公開,"gōngkāi (公開, 公开)","bare, air, unclose, publish, come_out, make known to the public, publicize, divulgate, overt, publicise, public, disclosure, make known to public, unfurl, make public",top2/265.mp3
順利,"shùnlì (順利, 顺利)","smooth, successful, without a hitch",top2/266.mp3
男,"nán (男, 男)","baron, male, man, steady, mankind, male person, boy, chauvinism, creature, son",top2/267.mp3
銷售,"xiāoshòu (銷售, 销售)","sell, market",top2/268.mp3
辦,"bàn (辦, 办)","punish by law , manage, get ... ready, set_up, buy a fair amount of, set up, run, management, handle, tackle, attend to, do, punish, bring ... to justice",top2/269.mp3
維護,"wéihù (維護, 维护)","safeguard, defend, uphold",top2/270.mp3
投入,"tóurù (投入, 投入)",throw/put into,top2/271.mp3
稱,"chēng (稱, 称)",call,top2/272.mp3
加上,"jiāshàng (加上, 加上)",add into,top2/273.mp3
民進黨,"mínjìndǎng (民進黨, 民进党)",Democratic Progressive Party,top2/274.mp3
必,"bì (必, 必)","surely, must, certainly, have to, necessarily",top2/275.mp3
自由,"zìyóu (自由, 自由)","freedom, liberty",top2/276.mp3
有限,"yǒuxiàn (有限, 有限)","limited, finite",top2/277.mp3
預算,"yūsuàn (預算, 预算)","estimate, forethought, budget, estimation, budgetary",top2/278.mp3
計算,"jìsuàn (計算, 计算)","count, calculate, compute",top2/279.mp3
效率,"xiàolù (效率, 效率)","sufficiency, effectualness, effectuality, productiveness, usefulness, efficiency, effectivity, effectiveness",top2/280.mp3
樣子,"yàngzi (樣子, 样子)","tendency, pattern, form, manner, likelihood, way, resemblance, semblance, sample, guise, fashion, wise, model, air, mien, appearance, shape, suggestion, gesture, sort",top2/281.mp3
訪問,"fǎngwèn (訪問, 访问)","visit, call on, interview",top2/282.mp3
位於,"wèiyú (位於, 位于)","be situated, situated, locate, precede, lie, come, nestle, subsist, underlie, sit, be located, skirt, rank",top2/283.mp3
接觸,"jiēchù (接觸, 接触)","come into contact with, get in touch with, engage, contact",top2/284.mp3
流行,"liúxíng (流行, 流行)","prevalent, popular, fashionable, in vogue, spread, rage of contagious disease",top2/285.mp3
喔,"wō (喔, 喔)",particle: indicating exclamation/suggestion/mild imperative/etc.,top2/286.mp3
股市,"gǔshì (股市, 股市)","stock exchange, securities market, stock market, stock_market",top2/287.mp3
召開,"zhàokāi (召開, 召开)","convene, convoke",top2/288.mp3
運作,"yùnzuò (運作, 运作)","operate, work",top2/289.mp3
出版,"chūbǎn (出版, 出版)","come off the press, publish, come out",top2/290.mp3
藉,"jiè (藉, 藉)",depend/rely on,top2/291.mp3
觀光,"guānguāng (觀光, 观光)","rubberneck, take in, visit, sightsee, travel to, go sightseeing, tour",top2/292.mp3
降低,"jiàngdī (降低, 降低)","reduce, cut down, drop, lower",top2/293.mp3
大約,"dàyuē (大約, 大约)","about,  around,  probably,  likely",top2/294.mp3
來源,"láiyuán (來源, 来源)","resource, wellspring, origin, provenance, quarter, root, source, beginning, springhead, fodder, fount, quarry, fountain, mint, parentage, whence, paternity",top2/295.mp3
理由,"lǐyóu (理由, 理由)","excuse, reasoning, reason, wherefore, argument, meaning, account, cause, room, alibi, substance, warranty, matter, justification, occasion, score, warrant, ground, sake, why, grounds, consideration, self justification, skill",top2/296.mp3
不斷,"búduàn (不斷, 不断)","unceasing, continuous",top2/297.mp3
一點,"yīdiǎn (一點, 一点)","a little, a bit",top2/298.mp3
回答,"huídá (回答, 回答)","answer, reply",top2/299.mp3
青少年,"qīngshàonián (青少年, 青少年)","adolescent, stilyaga, teens, young person, teenager, teenagers, young people and teenagers, youths, youth, stripling, hobbledehoy, youngsters, younker",top2/300.mp3
基本,"jīběn (基本, 基本)","basic, elementary",top2/301.mp3
一般,"yībān (一般, 一般)",generally,top2/302.mp3
看看,"kànkàn (看看, 看看)","see, look at, watch, read, look upon, regard, call on, visit",top2/303.mp3
合理,"hélǐ (合理, 合理)","plausible, rational, reasonable, legitimate, equitable, sensible",top2/304.mp3
採,"cǎi (採, 采)","pick, gather",top2/305.mp3
跟,"gēn (跟, 跟)",conj.: and,top2/306.mp3
生物,"shēngwù (生物, 生物)","living thing, organism",top2/307.mp3
中華民國,"zhōnghuámínguó (中華民國, 中华民国)","Republic_of_China, Republic of China",top2/308.mp3
直到,"zhídào (直到, 直到)","until, up to",top2/309.mp3
叫,"jiào (叫, 叫)",ask,top2/310.mp3
氣,"qì (氣, 气)","air, gas, smell, atmosphere, spirit",top2/311.mp3
給予,"gěiyǔ (給予, 给予)","bring, feed, offer, afford, hold_out, impart, adduce, lend, grant, contribute, given, concede, give to, give, bestow, add, put, render, deal, ladle, administer, assign, give_in, allow",top2/312.mp3
中文,"zhōngwén (中文, 中文)","Chinese, Ch. written language, Ch. language, Sinitic",top2/313.mp3
法國,"fàguó (法國, 法国)",France,top2/314.mp3
答案,"dáàn (答案, 答案)","result, script, resolution, solution, answer, key",top2/315.mp3
規定,"guīdìng (規定, 规定)","provide, formulate, fix, set",top2/316.mp3
金融,"jīnróng (金融, 金融)","finance, banking",top2/317.mp3
週,"zhōu (週, 週)",m.[standard],top2/318.mp3
下,"xià (下, 下)","put sth. into, apply, form opinion/etc.",top2/319.mp3
農民,"nóngmín (農民, 农民)","mujik, farmhand, granger, boor, farm worker, peasantry, countrymen, farmer, agriculture, husbandman, muzhik, peasant, fieldhand, moujik, fellah, muzjik",top2/320.mp3
法令,"fǎlìng (法令, 法令)","constitution, laws, ordinance, rescript, act, law, decretal, legislation, enactment, edict, law and decrees, regulation, ukase, decrees, decree, doom, ordonnance, statute, fiat, prescript, assize, commandment, legislative act",top2/321.mp3
訊息,"xùnxí (訊息, 讯息)","communication, message, news, signal, info, data, intelligence, dispatch, information, messages, tidings, word",top2/322.mp3
公里,"gōnglǐ (公里, 公里)",m.[standard],top2/323.mp3
剛剛,"gānggāng (剛剛, 刚刚)","just now, scarcely, fresh, only, exactly, a moment ago, hardly, but, just",top2/324.mp3
紅,"hóng (紅, 红)","in vogue, famous, redden, red, popular",top2/325.mp3
較,"jiào (較, 较)",compare,top2/326.mp3
聲,"shēng (聲, 声)",m.[activity],top2/327.mp3
倍,"bèi (倍, 倍)","fold, multiplication, diameter, double, times, twice as much",top2/328.mp3
加,"jiā (加, 加)","dramatise, plant, embroider, intercalate, lard, put in, blow up, inflict, deliver, aggrandize, plus, dramatize, increase, augment, embellish, augmentation, confer, append, add, pad, summate",top2/329.mp3
民主,"mínzhǔ (民主, 民主)","democracy, democratic rights",top2/330.mp3
臺北,"táiběi (臺北, 台北)","Taibei, Taipei",top2/331.mp3
無論,"wúlùn (無論, 无论)","conj.: no matter what/how/etc., regardless",top2/332.mp3
辦公室,"bàngōngshì (辦公室, 办公室)","agency, office, authority, government agency, bureau",top2/333.mp3
一方面,"yīfāngmiàn (一方面, 一方面)","conj.: on one side,  on the one hand...,  on the other hand...,  for one thing...,  for another...",top2/334.mp3
良好,"liánghǎo (良好, 良好)","good, well",top2/335.mp3
級,"jí (級, 级)","level, rank, grade",top2/336.mp3
遊戲,"yóuxì (遊戲, 遊戏)","recreation, game",top2/337.mp3
道,"dào (道, 道)","doctrine, Daoism",top2/338.mp3
酒,"jiǔ (酒, 酒)","libation, bracer, plonk, wine, tipple, poison, pottle, spirits, creature, vin, cup, drink, hooch, arrack, medicine, alcohol, bottle, hootch, alcoholic drink, rum, bibble, potation, belly wash, alcoholic beverage, Bacchus, booze, liquor, juice, fortifier, inebriant, lotion, intoxicant",top2/339.mp3
形象,"xíngxiàng (形象, 形象)","imagery, figure, form, picture, persona, image",top2/340.mp3
跑,"pǎo (跑, 跑)","travel, race, be away, escape, course, run errands, skirr, double, walk, be away/off, run away, be off, run about doing sth., run, drive, paw the earth, run about doing ..., ride, leg",top2/341.mp3
選擇,"xuǎnzé (選擇, 选择)",choice,top2/342.mp3
導致,"dǎozhì (導致, 导致)","bring, lead, bring_about, lead to, incite, result in, conduce, bring about, produce, bring_on, render, set off, spark_off, inspire, inflict, cause, land",top2/343.mp3
提到,"tídào (提到, 提到)","mention, refer to",top2/344.mp3
氣氛,"qìfēn (氣氛, 气氛)","mood, air, look, feeling, aura, aurae, spirit, smell, genius loci, feel, flavor, atmosphere, tone, karma, ambiance, ambience",top2/345.mp3
動,"dòng (動, 动)","concuss, get moving, travel, go, use, eat or drink, act, arouse, stir, disturb, alter, touch, change, dynamic, locomote, move",top2/346.mp3
院士,"yuànshì (院士, 院士)",academician,top2/347.mp3
指,"zhǐ (指, 指)",refer to,top2/348.mp3
充分,"chōngfèn (充分, 充分)","full, ample, abundant",top2/349.mp3
現代,"xiàndài (現代, 现代)",modern,top2/350.mp3
必要,"bìyào (必要, 必要)","necessary, indispensable",top2/351.mp3
生態,"shēngtài (生態, 生态)","ecological, ecosystem, biology, ecology, biota",top2/352.mp3
汽車,"qìchē (汽車, 汽车)","automotive vehicle, machine, wheels, motorcar, motor vehicle, car, automotive, auto, wheel, autocar, motor, automobile, hoot, mobile, bus",top2/353.mp3
例子,"lìzi (例子, 例子)","exemplification, example, representative, illustration, instance, piece, case",top2/354.mp3
有點,"yǒudiǎn (有點, 有点)","kind_of, pretty, more or less, fairly, a_little, rather, something, somewhat, a bit, to some extent",top2/355.mp3
博物館,"bówùguǎn (博物館, 博物馆)",museum,top2/356.mp3
權力,"quánlì (權力, 权力)","influence, rod, authoritativeness, clutches, whip_hand, dominance, say so, reins, force, emirate, might, pretension, station, commission, grasp, leverage, danger, authority, place, power, arm, disposal, puissance",top2/357.mp3
族群,"zúqún (族群, 族群)","clan, race, tribe, group",top2/358.mp3
媽,"mā (媽, 妈)","a form of address for a married woman one generati, mummy, mum, mother, ma, mama, mam",top2/359.mp3
牆,"qiáng (牆, 墙)",wall,top2/360.mp3
船,"chuán (船, 船)","bottom, body, ship, catcher, bow, bark, boat, shipboard, prow, watercraft, craft, drone, vessel, keel, sailer",top2/361.mp3
基金會,"jījīnhuì (基金會, 基金会)","monetary fund, fundation, foundation, fund",top2/362.mp3
詩,"shī (詩, 诗)","verse form, poem, canto, verse, rhyme, number, song, poesy, poetry",top2/363.mp3
雜誌,"zázhì (雜誌, 杂志)","journal, bulletin, mag, magazine, periodical",top2/364.mp3
生存,"shēngcún (生存, 生存)","live, exist",top2/365.mp3
且,"qiě (且, 且)",conj.:,top2/366.mp3
天,"tiān (天, 天)","sky, heaven",top2/367.mp3
小孩子,"xiǎoháizi (小孩子, 小孩子)","dot, tyke, tiddler, pickaninny, child",top2/368.mp3
大樓,"dàlóu (大樓, 大楼)","mansion, massif, hall, block, manse, edifice, building, multi storied building, residence, mansion house",top2/369.mp3
最好,"zuìhǎo (最好, 最好)","had better, it would be best",top2/370.mp3
讀書,"dúshū (讀書, 读书)","read, study, attend school",top2/371.mp3
見到,"jiàndào (見到, 见到)","see, meet, perceive",top2/372.mp3
最佳,"zuìjiā (最佳, 最佳)","first rate, best, superlative, optimum",top2/373.mp3
出去,"chūqù (出去, 出去)","go_out, go/get out, get_out, go out, get out, go, exit",top2/374.mp3
想法,"xiǎngfǎ (想法, 想法)","view, stance, mentality, idea, notion, sentiment, judgment, construct, thought, opinion, conception, viewpoint, judgement, belief, mind set, what one has in mind, persuasion, perspective, concept, mind, impression",top2/375.mp3
幫,"bāng (幫, 帮)",help,top2/376.mp3
醫生,"yīshēng (醫生, 医生)","Galen, MD, physician, Dr., medic, doc, hakeem, medico, Aesculapius, medical man, surgeon, leech, doctor",top2/377.mp3
堅持,"jiānchí (堅持, 坚持)","persist in, insist on",top2/378.mp3
創作,"chuàngzuò (創作, 创作)","creative work, creation",top2/379.mp3
廣場,"guǎngchǎng (廣場, 广场)","mews, agora, public square, concourse, carrefour, piazza, plaza, square, campus, place",top2/380.mp3
成員,"chéngyuán (成員, 成员)",member,top2/381.mp3
留下,"liúxià (留下, 留下)","stay, leave behind, leave, allocate, devote, entail, stick, stay behind, leave_behind, stay put, stick around, remain",top2/382.mp3
森林,"sēnlín (森林, 森林)","woodsy, jungle, forest, sylva, woods, wood, timberland, woodland, bocage, forestry, timber, greenwood",top2/383.mp3
算,"suàn (算, 算)","consider, regard/count as",top2/384.mp3
顆,"kē (顆, 颗)","grain, m.[general], ",top2/385.mp3
各,"gè (各, 各)","separately, differently",top2/386.mp3
男女,"nánnǔ (男女, 男女)",men and women,top2/387.mp3
特性,"tèxìng (特性, 特性)","attribute, distinctive feature, tang, a character, appanage, a characteristic, nature, trait, differentiation, data, habit, lineament, shtick, tone, distinction, identity, property, characteristic, specificity, ring, specialty, hair, character, cast, idiosyncrasy, specific, diagnosis, chemistry, feature, peculiarity, quality",top2/388.mp3
影像,"yǐngxiàng (影像, 影像)","simulacrum, blip, mental image, picture, portrait, video, image",top2/389.mp3
遭,"zāo (遭, 遭)",by,top2/390.mp3
強烈,"qiángliè (強烈, 强烈)","strong, intense, violent",top2/391.mp3
欸,"èi (欸, 欸)",mild exclamation/sigh,top2/392.mp3
解釋,"jiěshì (解釋, 解释)","explain, interpret, analyze",top2/393.mp3
儘管,"jǐnguǎn (儘管, 尽管)","conj.: even though, despite",top2/394.mp3
主動,"zhǔdòng (主動, 主动)",on one's own initiative,top2/395.mp3
演出,"yǎnchū (演出, 演出)","show, perform",top2/396.mp3
文章,"wénzhāng (文章, 文章)","nonsense, hidden meaning, writing, hidden, written material, article, implied meaning, essay, writings, literary works, patch, hidden/implied meaning",top2/397.mp3
理想,"lǐxiǎng (理想, 理想)","ideal, ",top2/398.mp3
重大,"zhòngdà (重大, 重大)","great, major, crucial, weighty, whang, fatal, significant, grave",top2/399.mp3
腳,"jiǎo (腳, 脚)","foot, leg, base",top2/400.mp3
危險,"wéixiǎn (危險, 危险)","dangerous, perilous",top2/401.mp3
背景,"bèijǐng (背景, 背景)","context, circumstance, locale, background, ground, stage setting, mise en scene, groundwork, background knowledge, frame, milieu, backcloth, scene, setting, backdrop",top2/402.mp3
不少,"bùshǎo (不少, 不少)","not few, many",top2/403.mp3
唱,"chàng (唱, 唱)","cry, chant, chirm, tune, vocalize, call, sing",top2/404.mp3
即將,"jíjiāng (即將, 即将)","in a short time, promptly, on the point of, at once, instantly, pronto, immediately, shortly, without delay, tout de suite, right away, forthwith, presently, soon, in a few seconds, before long, straightaway, in a minute, about to",top2/405.mp3
大部分,"dàbùfèn (大部分, 大部分)","det.: most of,  the majority of",top2/406.mp3
通訊,"tōngxùn (通訊, 通讯)","communication, news report, newsletter",top2/407.mp3
越來越,"yuèláiyuè (越來越, 越来越)","more_and_more, more and more",top2/408.mp3
考試,"kǎoshì (考試, 考试)","examination, test",top2/409.mp3
學期,"xuéqí (學期, 学期)","school term, semester",top2/410.mp3
反,"fǎn (反, 反)","counter, revolt, rebel, oppose, combat",top2/411.mp3
心靈,"xīnlíng (心靈, 心灵)","psychical, mind, psyche, soul, spirit, mens, heart",top2/412.mp3
獲,"huò (獲, 获)","harvest, capture, obtain, get, catch, poll, be able to, reap, gather in, win",top2/413.mp3
既然,"jìrán (既然, 既然)","conj.: since, as, now that",top2/414.mp3
設,"shè (設, 设)","set up, found",top2/415.mp3
顧客,"gùkè (顧客, 顾客)","chap, client, shopper, correspondent, constituency, patronage, trade, market, guest, clientele, newspaperman, newspaperwoman, newswriter, pressman, customer agent, customer, business",top2/416.mp3
家人,"jiārén (家人, 家人)","relation, homefolk, inmate, kindred, household, relative, people, folks, kin, family members, family, kinsfolk, house",top2/417.mp3
組,"zǔ (組, 组)",m.[general],top2/418.mp3
紛紛,"fēnfēn (紛紛, 纷纷)","in droves, one_after_another, numerous and in great confusion",top2/419.mp3
提升,"tíshēng (提升, 提升)","promote, hoist, elevate",top2/420.mp3
搞,"gǎo (搞, 搞)","work, set up, work out, organize, cause, etc., produce a certain effect, secure, manage, get hold of, carry, produce, organization, generalized doing: do, start, get, do, be engaged in, generalized doing: work/manage/etc., make, generalized doing: do/work/manage/etc.",top2/421.mp3
隨時,"suíshí (隨時, 随时)","whenever, whene'er, always, readily, whenever necessary, at all times, as occasion demands, at any time",top2/422.mp3
譬如,"pìrú (譬如, 譬如)","for example, such as",top2/423.mp3
子女,"zǐnǔ (子女, 子女)","sons and daughters, children",top2/424.mp3
確定,"quèdìng (確定, 确定)","find, determination, make a point, pin down, narrow down, corroborate, prove, jell, settle, express, ensure, clench, assure, confirm, decide firmly, see, certain, define, clinch, nail_down, ascertain, determinate, guarantee, nail down, insure, fix, nail, peg, sustain, state, stipulate, secure, make_sure, seal, make sure, verify, find out, affirm, determine",top2/425.mp3
公平,"gōngpíng (公平, 公平)","fair, just, impartial",top2/426.mp3
視為,"shìwéi (視為, 视为)","regard_as, deem, count, regard as, consider as, repute, look_on, regard/consider as, look_at, call, regard",top2/427.mp3
技巧,"jìqiǎo (技巧, 技巧)","technics, artifice, superior skill, acquisition, acquirement, cunning, trick, dexterity, accomplishment, mechanism, craft, craftsmanship, technique, artistry, handiwork, mastery, handicraft, finesse, attainment, sleight, skill, implement, execution, prowess, ingenuity, art, method, dish, mechanics, knack, cup of tea, management, bag, proficiency, address, facility, virtuosity, workman",top2/428.mp3
接著,"jiēzhe (接著, 接着)","next, immediately after",top2/429.mp3
畫,"huà (畫, 画)","painting, pictures",top2/430.mp3
領導,"lǐngdǎo (領導, 领导)","lead, exercise leadership",top2/431.mp3
小心,"xiǎoxīn (小心, 小心)","beware, watch_out, keep one's eyes skinned, keep one's eyes peeled, careful, cautious, be careful, see, watch, guard, ware, cautionary, keep one's eyes open, take care, look_out, look out",top2/432.mp3
主辦,"zhǔbàn (主辦, 主办)","sponsor, direct, direction, host, give",top2/433.mp3
探討,"tàntǎo (探討, 探讨)","inquire into, explore",top2/434.mp3
赴,"fù (赴, 赴)","repair, attendance, go, go to, come, seek, attend, betake",top2/435.mp3
回去,"huíqù (回去, 回去)","go_home, go_back, retrocede, go back, be back, go, return",top2/436.mp3
弟弟,"dìdì (弟弟, 弟弟)","brother, little brother, younger brother, cadet, little_brother, viscount",top2/437.mp3
風,"fēng (風, 风)","wind, common practice, custom, general mood, style, news, information",top2/438.mp3
小學,"xiǎoxué (小學, 小学)","primary school, elementary school",top2/439.mp3
興建,"xīngjiàn (興建, 兴建)","build, construct",top2/440.mp3
狀態,"zhuàngtài (狀態, 状态)","repair, form, lie, state of affairs , state of affairs, fix, status, going, plight, phase, condition, state, trimness, attitude, trim, shape, situation, posture, position, fettle, mode, predicament",top2/441.mp3
支援,"zhīyuán (支援, 支援)","backstop, support, side, help, patronize, root, stand by, bear, angel, hold out, back, see through, assist, assistance, sustain, back up",top2/442.mp3
還是,"háishì (還是, 还是)",conj.: or,top2/443.mp3
治療,"zhìliáo (治療, 治疗)","treatment, cure",top2/444.mp3
衣服,"yīfú (衣服, 衣服)","clothes, wearing apparel, toggery, gear, tog, wear, bib and tucker, drapery, thing, dress, duds, vestment, wardrobe, clout, apparel, clothing, dud, wrapping, vesture, clobber, habit, robe, togs, livery, habilimentation, array, hull, garb, attire, attirement, stitch, rig, garment, raiment, wearable, dressing",top2/445.mp3
名字,"míngzi (名字, 名字)","first_name, forename, moniker, monaker, first name, monicker, cognomen, given name, name, patronymic, appellation",top2/446.mp3
參考,"cānkǎo (參考, 参考)","consult, refer to",top2/447.mp3
女孩,"nǔhái (女孩, 女孩)","babe, damosel, quiff, number, young lady, damoiselle, gal, little girl, missy, young woman, demoiselle, damsel, fille, baby, girl, miss, petticoat, child, female child, mouse, she, colleen, daughter, damozel, moppet",top2/448.mp3
男性,"nánxìng (男性, 男性)","brother, male, him, man, male sex, adult male, mankind, masculine, mother's son, masculinity",top2/449.mp3
教室,"jiàoshì (教室, 教室)","classroom, schoolroom",top2/450.mp3
太陽,"tàiyáng (太陽, 太阳)","Apollo, luminary, daystar, digit, sunlight, solar, sunshine, Phoebus, lamp, sun, Sol, fireball",top2/451.mp3
在,"zài (在, 在)",be at/in/on,top2/452.mp3
口,"kǒu (口, 口)",m.[general],top2/453.mp3
陳,"chén (陳, 陈)",Surname,top2/454.mp3
稱為,"chēngwéi (稱為, 称为)",call as,top2/455.mp3
國民,"guómín (國民, 国民)","citizen, country, citizenry, a people, nationality, nation, folk, subject, people, nationals, national, commonwealth, son, land",top2/456.mp3
研討會,"yántǎohuì (研討會, 研讨会)","workshop, seminar, symposium",top2/457.mp3
飛機,"fēijī (飛機, 飞机)","aerocraft, airplane, machine, craft, aeroplane, ship, aero, avion, aeronef, plane, aircraft",top2/458.mp3
建築師,"jiànzhúshī (建築師, 建筑师)","surveyor, architect",top2/459.mp3
王,"wáng (王, 王)","Rex, ameer, king, prince, emeer, monarch, shah, emir, amir, Surname, sovereign, Wang",top2/460.mp3
究竟,"jiùjìng (究竟, 究竟)","actually, exactly, after all, in the end",top2/461.mp3
確實,"quèshí (確實, 确实)","really, certainly, truly, indeed",top2/462.mp3
公路,"gōnglù (公路, 公路)","trunk road, calzada, route, main road, highroad, highway, road, thoroughfare, causeway, chaussee",top2/463.mp3
至今,"zhìjīn (至今, 至今)","thus_far, up_to_now, until_now, so far, to this day, up to now, to date, hitherto, erenow",top2/464.mp3
天下,"tiānxià (天下, 天下)","rule, world, China, domination, everywhere under heaven",top2/465.mp3
考量,"kǎoliáng (考量, 考量)","consider, think",top2/466.mp3
管,"guǎn (管, 管)","run, manage, administer, have charge of, subject to discipline, bother about",top2/467.mp3
少數,"shǎoshù (少數, 少数)",det.: a few,top2/468.mp3
判斷,"pànduàn (判斷, 判断)","judge, determine",top2/469.mp3
快,"kuài (快, 快)","soon, quickly",top2/470.mp3
扮演,"bànyǎn (扮演, 扮演)","play part of, play part of",top2/471.mp3
相對,"xiāngduì (相對, 相对)","be opposite, be face to face",top2/472.mp3
校方,"xiàofāng (校方, 校方)",school authorities,top2/473.mp3
早已,"zǎoyǐ (早已, 早已)","already, since, long ago, long ago/since, long since",top2/474.mp3
讀者,"dúzhě (讀者, 读者)","audience, subscriber, reader",top2/475.mp3
大會,"dàhuì (大會, 大会)","synod, moot, conference, plenary meeting, congress, rally, plenum, mass meeting, plenary session",top2/476.mp3
工人,"gōngrén (工人, 工人)","navvy, hired man, operative, working person, laborer, shopworker, esne, working man, hired hand, worker, workpeople, workman, hand",top2/477.mp3
數量,"shùliàng (數量, 数量)","magnitude, scalar, aggregate, deal, measure, numerical quantity, measurement, sum, worth, amount, quantity, number",top2/478.mp3
材料,"cáiliào (材料, 材料)","making, aggregate, stuff, ingredients, food, ingredient, data, fodder, material, datum, stock, makings, data point, timber",top2/479.mp3
建議,"jiànyì (建議, 建议)","proposal, suggestion",top2/480.mp3
特徵,"tèzhēng (特徵, 特征)","impress, trait, hallmark, cachet, stamp, characteristic, speciality, cast, feature, characteristic marks, features, artistic style, touch, trademark, earmark, particularity, nature, genius, imprint, lineament, mold, shtick, distinction, specificity, physiognomy, idiom, signature, character, salience, diagnosis, syndrome, stigma, stylemark, signalment",top2/481.mp3
殺,"shā (殺, 杀)","abatement, fight at close quarters, killing, go into battle, burn, reduction, slaughter, burn of medicine , fight, smite, abate, massacre, diddle, reduce, weaken, liquidate, smash, kill, slay, smart",top2/482.mp3
算是,"suànshì (算是, 算是)","regard_as, considered to be",top2/483.mp3
革命,"gémìng (革命, 革命)",revolt,top2/484.mp3
國人,"guórén (國人, 国人)","landsman, fellow countrymen, countryman, countrymen, compatriots",top2/485.mp3
魚,"yū (魚, 鱼)","paella, variegated carp, gudgeon, bighead, Yu, Surname, Argonaut, salmon, fish, catfish",top2/486.mp3
操作,"cāozuò (操作, 操作)","operate, manipulate",top2/487.mp3
統計,"tǒngjì (統計, 统计)",statistics,top2/488.mp3
德國,"déguó (德國, 德国)","Deutschland, autobahn, FRG, Germany, German, Reich, Federal Republic of Germany",top2/489.mp3
顯然,"xiǎnrán (顯然, 显然)","evidently, manifestly, clear, visibly, plainly, plain, distinctly, clearly, patently, apparently, obviously",top2/490.mp3
信心,"xìnxīn (信心, 信心)","trustfulness, trustingness, confidence, belief, affiance, religion, feeling, fay, trust, positiveness, notion, reliance, religious belief, faith, hope, impression",top2/491.mp3
放棄,"fàngqì (放棄, 放弃)","depart, chuck up the sponge, scuttle, dispense with, throw in the towel, abort, throw in, flunk, foreswear, abnegate, pass, free, lay_down, abandonment, disclaim, part_with, pass_up, abdicate, release, ditch, abjure, jettison, waive, surrender, leave, give, recant, desert, give up, divest, yield, forswear, break, abandon, unguard, back_down, yield up, demit, relinquish, break_with, drop",top2/492.mp3
懂,"dǒng (懂, 懂)","have, comprehend, understanding, understand, compass, grasp, get the picture, glom, know, apprehend, twig, savvy, follow, make out, dig",top2/493.mp3
生活,"shēnghuó (生活, 生活)",live,top2/494.mp3
分析,"fēnxī (分析, 分析)",analysis,top2/495.mp3
忙,"máng (忙, 忙)","hurry, hasten",top2/496.mp3
建,"jiàn (建, 建)","establishment, erection, build, proposal, propose, set up, establish, found, advocate, erect, construction, construct",top2/497.mp3
一生,"yīshēng (一生, 一生)","lifetime, all, existence, life, throughout one's life, all one's life, career, all/throughout one's life",top2/498.mp3
黑,"hēi (黑, 黑)","black, dark, wicked, sinister, vicious, be greedy, extort",top2/499.mp3
小說,"xiǎoshuō (小說, 小说)","novel, offprint, fiction",top2/500.mp3
主席,"zhǔxí (主席, 主席)","chairwoman, presiding officer, president of organization, chair, chair of meeting",top2/501.mp3
政大,"zhèngdà (政大, 政大)",National Chengchi University,top2/502.mp3
集團,"jítuán (集團, 集团)","population, aggregate, circle, clique, grouping, bloc, phalanx, group, knot, aggregation",top2/503.mp3
報名,"bàomíng (報名, 报名)","register, inscribe, enter, enroll, enrol, enter one's name, sign up, recruit",top2/504.mp3
著名,"zhùmíng (著名, 着名)","famous, celebrated",top2/505.mp3
道德,"dàodé (道德, 道德)","value orientation, value system, moral, code, moral principle, morals, morale, ethical motive, ethic, virtue, morality_play, morality, ethics, virtuousness, moral excellence",top2/506.mp3
哪裡,"nǎlǐ (哪裡, 哪里)",where,top2/507.mp3
消失,"xiāoshī (消失, 消失)","disappear, vanish, dissolve",top2/508.mp3
經由,"jīngyóu (經由, 经由)","via, by way of",top2/509.mp3
前面,"qiánmiàn (前面, 前面)","front end, face, forepart, front, in front, ahead, preceding, above, fore, forgoing, frontage, obverse",top2/510.mp3
遇到,"yūdào (遇到, 遇到)","come across, run_into, receive, meet with, encounter, run into, meet, befall",top2/511.mp3
提,"tí (提, 提)","mention, refer to, promote, bring up",top2/512.mp3
心態,"xīntài (心態, 心态)","state_of_mind, state of mind, psychology",top2/513.mp3
集中,"jízhōng (集中, 集中)","concentrate, centralize, focus, put together",top2/514.mp3
建築物,"jiànzhúwù (建築物, 建筑物)","foundation, shebang, erection, superstructure, buildup, architecture, construct, construction, edifice, building, structure, place, tenement, property, house, fabric",top2/515.mp3
畫面,"huàmiàn (畫面, 画面)","frame, tableau, picture plane, picture, general appearance of a picture, picture_plane, appearance, TV screen, video",top2/516.mp3
定,"dìng (定, 定)",decide,top2/517.mp3
甚,"shèn (甚, 甚)","muchly, extremely, very, bally, assai, more, what, more than , molto, greatly",top2/518.mp3
可惜,"kěxí (可惜, 可惜)","it's a pity, unfortunately, it's too bad",top2/519.mp3
把,"bǎ (把, 把)",m.[general],top2/520.mp3
醫學,"yīxué (醫學, 医学)","medicine, practice of medicine, medical science, leechcraft, physic, iatrology, medical",top2/521.mp3
輸入,"shūrù (輸入, 输入)","import, input",top2/522.mp3
百,"bǎi (百, 百)","cent, centum, century, hundred, det.: hundred",top2/523.mp3
型態,"xíngtài (型態, 型态)",format,top2/524.mp3
道理,"dàolǐ (道理, 道理)","thread, principle, the right way, theory, reason, argument, sense, order, truth, rationality",top2/525.mp3
愈來愈,"yūláiyū (愈來愈, 愈来愈)","even more, more_and_more, more and more",top2/526.mp3
色彩,"sècǎi (色彩, 色彩)","hue, tincture, palette, tint, blazonry, leavening, tinct, grain, color, shade",top2/527.mp3
歌,"gē (歌, 歌)",song,top2/528.mp3
現實,"xiànshí (現實, 现实)","reality, actuality",top2/529.mp3
婚姻,"hūnyīn (婚姻, 婚姻)","connubiality, wedlock, marital, union, marriage, married couple, matrimonial, match, man and wife, matrimony",top2/530.mp3
地球,"dìqiú (地球, 地球)","the earth/globe, globe, world, Earth, ball, terrene, earth, the globe, the earth",top2/531.mp3
指導,"zhǐdǎo (指導, 指导)","guide, direct",top2/532.mp3
架構,"jiàgòu (架構, 架构)","construction, framework",top2/533.mp3
進口,"jìnkǒu (進口, 进口)",import,top2/534.mp3
論文,"lùnwén (論文, 论文)","disquisition, memoir, paper, discourse, theme, treatise, thesis, article, tractate, dissertation",top2/535.mp3
出國,"chūguó (出國, 出国)",go abroad from one's own country,top2/536.mp3
商品,"shāngpǐn (商品, 商品)","article, product, merchandise, commodity, wares, ware, goods",top2/537.mp3
市長,"shìzhǎng (市長, 市长)","alcalde, city manager, mayor, portreeve, mayoral, civic leader, provost, civil leader, burgomaster",top2/538.mp3
分為,"fēnwéi (分為, 分为)","divide ... into, fall_into, divide into",top2/539.mp3
夢,"mèng (夢, 梦)",dream,top2/540.mp3
以前,"yǐqián (以前, 以前)","langsyne, ago, in the past, formerly, prevenient, before, previously",top2/541.mp3
恐怕,"kǒngpà (恐怕, 恐怕)",perhaps,top2/542.mp3
死亡,"sǐwáng (死亡, 死亡)",be dead/doomed,top2/543.mp3
哥哥,"gēgē (哥哥, 哥哥)","big brother, elder brother, big_brother",top2/544.mp3
檔案,"dǎngàn (檔案, 档案)","data file, documentation, record, archive, archives, file, dossier",top2/545.mp3
滿意,"mǎnyì (滿意, 满意)","satisfy, well pleasing, pleased, satisfied",top2/546.mp3
滿,"mǎn (滿, 满)","det.: entirely,  wholly",top2/547.mp3
可愛,"kěài (可愛, 可爱)","lovable, likeable, lovely",top2/548.mp3
上海,"shànghǎi (上海, 上海)",Shanghai,top2/549.mp3
休閒,"xiūxián (休閒, 休閒)",lie fallow,top2/550.mp3
有趣,"yǒuqù (有趣, 有趣)","merry, fascinating, interesting, fun, amusive, comic, amusing",top2/551.mp3
職業,"zhíyè (職業, 职业)","metier, vocation, iceman, mystery, engagement, work, walk of life, employment, job, occupational group, ploy, craft, trade, avocation, employ, racket, pursuit, profession, situation, line, occupation, position, calling, walk_of_life, career, billet, duty, living, shop",top2/552.mp3
說法,"shuōfǎ (說法, 说法)","way of saying sth., wording, formulation, statement, version, argument",top2/553.mp3
英文,"yīngwén (英文, 英文)","English, English language , English language, English_language",top2/554.mp3
緊張,"jǐnzhāng (緊張, 紧张)",be nervous,top2/555.mp3
預計,"yūjì (預計, 预计)","estimate, view, predict, expect, calculate in advance, anticipate",top2/556.mp3
兄弟,"xiōngdì (兄弟, 兄弟)",brothers,top2/557.mp3
體系,"tǐxì (體系, 体系)","scheme, setup, system of rules, system, superstructure, cosmos, schema",top2/558.mp3
專案,"zhuānàn (專案, 专案)","case, special case for investigation",top2/559.mp3
孔子,"kǒngzǐ (孔子, 孔子)",Confucius,top2/560.mp3
報導,"bàodǎo (報導, 报导)",report,top2/561.mp3
一半,"yíbàn (一半, 一半)","det.: one half,  in part,  half",top2/562.mp3
疾病,"jíbìng (疾病, 疾病)","trouble, attack, evil, ailment, affection, misery, malfunction, complaint, infirmity, disease, ill, illness, malady, decline, sickness, condition",top2/563.mp3
其它,"qítā (其它, 其它)","det.: others, the rest, other, else",top2/564.mp3
外國,"wàiguó (外國, 外国)","foreign, foreign country, outland, outremer",top2/565.mp3
牠們,"tāmen (牠們, 牠们)",they animal,top2/566.mp3
報紙,"bàozhǐ (報紙, 报纸)","paper, headliner, newspaper publisher, tabloid, copyreader, newspaper, rag, courant, newsprint, sheet, gazette, dailies",top2/567.mp3
狗,"gǒu (狗, 狗)",dog,top2/568.mp3
協調,"xiétiáo (協調, 协调)","coordinate, harmonize, bring into line",top2/569.mp3
念,"niàn (念, 念)","study, read, attend school, think_of, read aloud, think of, miss",top2/570.mp3
哲學,"zhéxué (哲學, 哲学)","ism, philosophic, philosophical, philosophy, school of thought, doctrine",top2/571.mp3
碰到,"pèngdào (碰到, 碰到)","come across, run_into, encounter, come_across, run into, touch, run_across, meet",top2/572.mp3
提昇,"tíshēng (提昇, 提昇)","promote, hoist, elevate",top2/573.mp3
關於,"guānyú (關於, 关于)","about, with regard to, concerning",top2/574.mp3
同仁,"tóngrén (同仁, 同仁)","fraternity, fellow worker, confrere, brotherhood, colleague",top2/575.mp3
深入,"shēnrù (深入, 深入)","thorough, deep going",top2/576.mp3
漫畫,"mànhuà (漫畫, 漫画)","takeoff, cartoon, caricature",top2/577.mp3
資金,"zījīn (資金, 资金)","principal_sum, fund, bankroll, finance, coffer, ante, grubstake, munition, wherewithal, capital, working capital",top2/578.mp3
比較,"bǐjiǎo (比較, 比较)","compare, contrast",top2/579.mp3
作業,"zuòyè (作業, 作业)",work,top2/580.mp3
想像,"xiǎngxiàng (想像, 想像)","imagine, ideate, suppose, picture, image, trow, envision, figure, dream, conceit, woolgather, conceive of, project, see, daydream, think, presume, envisage, stargaze, depicture, visualize, vision, feign, fancy, conceive, conjure_up, fantasy",top2/581.mp3
短,"duǎn (短, 短)","short, brief",top2/582.mp3
即可,"jíkě (即可, 即可)",then could do something,top2/583.mp3
西,"xī (西, 西)","W, Spain, west, occident, due west, western",top2/584.mp3
相,"xiāng (相, 相)","each other, mutually",top2/585.mp3
位置,"wèizhì (位置, 位置)","positioning, site, stand, stance, about face, lie, locality, spatial relation, setting, situs, locus, slot, ubiety, station, location, emplacement, ubication, situation, niche, positional, position, place, seat",top2/586.mp3
錯,"cuò (錯, 错)","wrong, mistaken, bad, poor, confused, complex",top2/587.mp3
穩定,"wěndìng (穩定, 稳定)","stable, steady",top2/588.mp3
尋找,"xúnzhǎo (尋找, 寻找)","comb, locate, quest, search, scout, chase, reconnoiter, look_around, look_for, look, look for, find_out, pick, reconnoitre, prospect, hunt, seek, rummage, shop",top2/589.mp3
鳥,"niǎo (鳥, 鸟)","beak, caprimulgiform bird, jay, carinate bird, birdie, bird, carinate, chaffinch, flying bird, fowl",top2/590.mp3
系,"xì (系, 系)",department in a college,top2/591.mp3
如此,"rúcǐ (如此, 如此)","so, such",top2/592.mp3
長大,"zhǎngdà (長大, 长大)","vegetate, be brought up, grow_up, maturate, grow, grow up, bulk, age, mature",top2/593.mp3
促進,"cùjìn (促進, 促进)","rush, help, step_up, advancement, progress, acceleration, subserve, encourage, facilitate, anticipate, accelerate, assist, fillip, expedite, advance, promotive, boost, further, provoke, hurry, redound, cultivate, induce, hasten, catalyze, speed, promote, contribute, impel, promotion, push, forward, stimulate, whet",top2/594.mp3
人文,"rénwén (人文, 人文)","letters, humanity, humanities",top2/595.mp3
衝突,"chōngtú (衝突, 冲突)","conflict, clash",top2/596.mp3
廚房,"chúfáng (廚房, 厨房)","office, cookery, cookhouse, kitchen, cookroom, but, caboose",top2/597.mp3
海外,"hǎiwài (海外, 海外)","oversea, overseas, abroad",top2/598.mp3
表演,"biǎoyǎn (表演, 表演)","perform, act, play, demonstrate",top2/599.mp3
再度,"zàidù (再度, 再度)","once again, anew, eftsoons, second time, again, a second time, once more/again, once more",top2/600.mp3
電信,"diànxìn (電信, 电信)","telegraphy, telecommunications, telecommunication, telecom",top2/601.mp3
反映,"fǎnyìng (反映, 反映)","reflect, mirror, make known",top2/602.mp3
北,"běi (北, 北)","atomic number 97, northward, north, berkelium, Bk, northern",top2/603.mp3
筆,"bǐ (筆, 笔)",m.[general],top2/604.mp3
近,"jìn (近, 近)",almost,top2/605.mp3
障礙,"zhàngài (障礙, 障碍)","discouragement, bottleneck, clog, bar, encumbrance, embarrassment, malfunction, jam up, baffle, impediment, obstruction, rub, roadblock, stay, rubber, disturbance, balk, holdback, bunker, stymy, remora, obstacle, barrier, stumbling_block, hitch, handicap, lesion, hedge, snag, drawback, let, wall, crab, difficulty, penalty, hang up, facer, hindrance, hurdle",top2/606.mp3
焦點,"jiāodiǎn (焦點, 焦点)","focal point, point at issue, focal, focus, focal_point, central issue",top2/607.mp3
忽然,"hūrán (忽然, 忽然)",suddenly,top2/608.mp3
到處,"dàochù (到處, 到处)","universally, everywhere, everyplace, far and near, about, around, far and wide, all_over, high_and_low, all over, throughout, high and low, far_and_near, passim, abroad, at all places",top2/609.mp3
植物,"zhíwù (植物, 植物)","vegetal, flora, herb, plant, grower, vegetable, plant life, vegetation, botanical, vegetive, dwarf, vegetative",top2/610.mp3
顯得,"xiǎnde (顯得, 显得)","seem, look, appear",top2/611.mp3
不一定,"bùyīdìng (不一定, 不一定)","not sure, maybe",top2/612.mp3
攝影,"shèyǐng (攝影, 摄影)",photography,top2/613.mp3
隨,"suí (隨, 随)",v.2 right after v.1,top2/614.mp3
概念,"gàiniàn (概念, 概念)","estimate, conception, view, intention, image, estimation, idea, notion, concept, construct, paradox, approximation, impression",top2/615.mp3
面積,"miànjī (面積, 面积)","area unit, area, superficies, superficial, acreage, expanse, surface_area, square_measure, surface area, content, space, square measure",top2/616.mp3
為何,"wèihé (為何, 为何)","why, for what reason",top2/617.mp3
高達,"gāodá (高達, 高达)",reach up to,top2/618.mp3
關鍵,"guānjiàn (關鍵, 关键)","nub, turning_point, issue, crux, anchor, crux of the matter, juncture, hinge, mainstay, linchpin, lynchpin, key, backbone",top2/619.mp3
作法,"zuòfǎ (作法, 作法)","course of action, technique of writing, way of doing things, mode, practice, course, model",top2/620.mp3
來到,"láidào (來到, 来到)","arrive, come",top2/621.mp3
如何,"rúhé (如何, 如何)",how about it,top2/622.mp3
胡適,"húshì (胡適, 胡适)","philosopher, leading intellectual, leading intellectual,  philosopher,  exponent of vernacular writing, leading intellectual,  philosopher,  expon, exponent of vernacular writing",top2/623.mp3
倒,"dào (倒, 倒)",actually,top2/624.mp3
人人,"rénrén (人人, 人人)",everybody,top2/625.mp3
仔細,"zǐxì (仔細, 仔细)","careful, be careful, look out",top2/626.mp3
原,"yuán (原, 原)","originally, formerly",top2/627.mp3
成就,"chéngjiù (成就, 成就)","achievement, accomplishment, success",top2/628.mp3
視,"shì (視, 视)",depend,top2/629.mp3
行銷,"xíngxiāo (行銷, 行销)",sell,top2/630.mp3
好幾,"hǎojǐ (好幾, 好几)",det.: several,top2/631.mp3
辛苦,"xīnkǔ (辛苦, 辛苦)","try, endure hardship, work hard, tug, tote, lug",top2/632.mp3
年輕人,"niánqīngrén (年輕人, 年轻人)","kid, sapling, young people, youngster, jack, young, young buck, chicken, kipper, youngling, punk, laddie, young_man, loon, young man, youth, stripling, shaveling, junior, sprat, whiffet, cub, springald, younker",top2/633.mp3
信,"xìn (信, 信)","letter, mail, message",top2/634.mp3
漸漸,"jiànjiàn (漸漸, 渐渐)","gradually, by degrees, little by little",top2/635.mp3
真,"zhēn (真, 真)","real, true",top2/636.mp3
教材,"jiàocái (教材, 教材)","textbook, teaching material",top2/637.mp3
自然,"zìrán (自然, 自然)","natural, free from affectation",top2/638.mp3
動詞,"dòngcí (動詞, 动词)",verb,top2/639.mp3
整理,"zhěnglǐ (整理, 整理)","put in order, arrange",top2/640.mp3
男生,"nánshēng (男生, 男生)","brother, sonny boy, man, male, laddie, lad, boy student, male student, boy, schoolboy, sonny, cub, man student",top2/641.mp3
遊客,"yóukè (遊客, 遊客)","traveler, holidaymaker, tourist, traveller, visitor, pilgrim, sightseer, tourism",top2/642.mp3
等,"děng (等, 等)",till,top2/643.mp3
女生,"nǔshēng (女生, 女生)","schoolgirl, girl student, female student, female, girl, woman student, co ed",top2/644.mp3
對,"duì (對, 对)",m.[general],top2/645.mp3
懷疑,"huáiyí (懷疑, 怀疑)","suspect, doubt",top2/646.mp3
痛苦,"tòngkǔ (痛苦, 痛苦)",be painful; pain,top2/647.mp3
交換,"jiāohuàn (交換, 交换)","reciprocate, switching, barter, exchange, commute, switch, communicate, interchange, bandy, shift, trade, batter, truck, swop, change, counterchange, swap, clear, buy, transpose, change over, commune, turn around",top2/648.mp3
互動,"hùdòng (互動, 互动)",relate,top2/649.mp3
設置,"shèzhì (設置, 设置)","set/put up, install",top2/650.mp3
張,"zhāng (張, 张)",Surname,top2/651.mp3
留,"liú (留, 留)","continue, stay, keep, leave behind, leave, grow, accept,  let grow, leave",top2/652.mp3
居住,"jūzhù (居住, 居住)","inhabit, occupy, shack_up, locate, domicile, shack, abide, subsist, settle, live, howff, reside, indwell, populate, lodge in, quarter, dwell, people, belong, bide, hang_out, house, residence",top2/653.mp3
因應,"yīnyìng (因應, 因应)",in response to,top2/654.mp3
丈夫,"zhàngfū (丈夫, 丈夫)","masterman, man, papa, manliness, mister, goodman, married man, husband, hub, hubby",top2/655.mp3
紀錄,"jìlù (紀錄, 纪录)","minutes, notes, record, record",top2/656.mp3
答,"dá (答, 答)","answer, reply, return a call/etc. , reciprocate",top2/657.mp3
愛,"ài (愛, 爱)",love,top2/658.mp3
畫家,"huàjiā (畫家, 画家)","painterly, creative person, artist, painter, penman, artists",top2/659.mp3
數字,"shùzì (數字, 数字)","numeral, numerical, digit, amount, number, numeric, figure, digital, quantity",top2/660.mp3
一向,"yīxiàng (一向, 一向)","typically, all_along, up to now, always, consistently, all along, usually, forever",top2/661.mp3
連線,"liánxiàn (連線, 连线)",connect,top2/662.mp3
以免,"yǐmiǎn (以免, 以免)","conj.: in order to avoid,  so as not to",top2/663.mp3
固定,"gùdìng (固定, 固定)","set, plant, imbed, fix, strap, jell, fixed, affix, peg, stick, clench, rivet, regularization, rigidify, embed, infix, anchor, fixate, hold, regularize, implant, stitch, stabile, engraft, fasten, immobilize, moor, peg down, flat",top2/664.mp3
通信,"tōngxìn (通信, 通信)","communicate by letter, correspond",top2/665.mp3
恢復,"huīfù (恢復, 恢复)","resume, renew, recover, regain, restore, reinstate, rehabilitate",top2/666.mp3
修正,"xiūzhèng (修正, 修正)","revise, amend, correct",top2/667.mp3
景觀,"jǐngguān (景觀, 景观)","view, perspective, aspect, scene, prospect, vista, panorama, landscape",top2/668.mp3
線,"xiàn (線, 线)","thread, string, wire",top2/669.mp3
縣市,"xiànshì (縣市, 县市)",county and city,top2/670.mp3
他人,"tārén (他人, 他人)","others, another person",top2/671.mp3
基於,"jīyú (基於, 基于)","on the basis of, in view of, because of",top2/672.mp3
只是,"zhǐshì (只是, 只是)","conj.: however, but then",top2/673.mp3
實現,"shíxiàn (實現, 实现)","realize, achieve, bring about",top2/674.mp3
演講,"yǎnjiǎng (演講, 演讲)","lecture, speech",top2/675.mp3
男子,"nánzǐ (男子, 男子)","man, male",top2/676.mp3
具備,"jùbèi (具備, 具备)","be provided with, supply, render, have, furnish, possess, provide, possession",top2/677.mp3
奇怪,"qíguài (奇怪, 奇怪)",wonder,top2/678.mp3
空氣,"kōngqì (空氣, 空气)","air, airspace, atmosphere, aerial, deflector, atmospherics",top2/679.mp3
會員,"huìyuán (會員, 会员)",member,top2/680.mp3
取,"qǔ (取, 取)","have, withdraw, choose, assume, take away, adopt, assumption, select, draw_out, withdrawal, obtain, remove, take, fetch, get, aim at, pick_up, sponge, adoption",top2/681.mp3
深刻,"shēnkè (深刻, 深刻)","deep, profound",top2/682.mp3
漂亮,"piàoliàng (漂亮, 漂亮)","posh, handsome, brilliant, remarkable, splendid, beautiful, smart",top2/683.mp3
菜,"cài (菜, 菜)","vegetable, greens, dish, course, food",top2/684.mp3
希望,"xīwàng (希望, 希望)",hope,top2/685.mp3
相互,"xiānghù (相互, 相互)","each other, mutually, one another, in return, reciprocally",top2/686.mp3
多數,"duōshù (多數, 多数)","trillions, millions, mort, relative majority, throng, det : majority, prevalence, multitude, lac, Host, host, bulk, horde, raft, million, lakh, rimption, pack, skit, strength, acre, generality, ruck, chunk, number, shoal, multiplicity, billions, preponderance, jillions, zillions, grist, world, majority, meiny, regiment, legion, mass, plurality",top2/687.mp3
總經理,"zǒngjīnglǐ (總經理, 总经理)","CEO, general_manager, chief executive officer, chief operating officer, executive, managing director, general manager, president",top2/688.mp3
很多,"hěnduō (很多, 很多)","many, much",top2/689.mp3
收,"shōu (收, 收)","receive, accept, take in/back, gather in, conclude, stop",top2/690.mp3
權利,"quánlì (權利, 权利)","privilege, claim, merit, title, entitlements, escheatage, right, dib, authority, competency, obligation, pretension, prescription, dibs",top2/691.mp3
照片,"zhàopiàn (照片, 照片)","snapshot, shot, likeness, picture, photo, icon, image, caption, exposure, photograph, pic, ikon",top2/692.mp3
病,"bìng (病, 病)",disease,top2/693.mp3
物質,"wùzhí (物質, 物质)","stuff, material, substance, materiality, matter",top2/694.mp3
宿舍,"sùshè (宿舍, 宿舍)","berth, serai, hall, dorm room, lodging_house, dormitory room, dorm, hostel, billet, dormitory, living quarters, house",top2/695.mp3
即,"jí (即, 即)","be, mean",top2/696.mp3
教練,"jiàoliàn (教練, 教练)","training, drillmaster, wise man, tutor, drilling, handler, coacher, coach, instructor, private instructor, trainer, mentor",top2/697.mp3
宇宙,"yǔzhòu (宇宙, 宇宙)","all, cosmic, existence, world, creation, system, macrocosm, metagalactic, nature, cosmos, universal, universe",top2/698.mp3
更加,"gèngjiā (更加, 更加)",even more,top2/699.mp3
住宅,"zhùzhái (住宅, 住宅)","shebang, dwelling_house, dwelling, roof, abode, residential, home, toft, howff, housing, habitation, homesite, tenement, place, residence, house, property",top2/700.mp3
明白,"míngbái (明白, 明白)","clarify, downright, recognize, agnize, tumble, follow, make out, catch, understand, discern, think, know, seize, agnise, twig, realize, get, realization",top2/701.mp3
竟然,"jìngrán (竟然, 竟然)","unexpectedly, to one's surprise",top2/702.mp3
光,"guāng (光, 光)","light, ray, brightness, honor, glory, luster",top2/703.mp3
迅速,"xùnsù (迅速, 迅速)","fast, speedy, rapid, prompt",top2/704.mp3
睡,"shuì (睡, 睡)",sleep,top2/705.mp3
大多數,"dàduōshù (大多數, 大多数)","det.: most of,  the majority of",top2/706.mp3
不良,"bùliáng (不良, 不良)","unhealthy, harmful, bad",top2/707.mp3
自動,"zìdòng (自動, 自动)",automatic,top2/708.mp3
哦,"ó (哦, 哦)",particle: used when informing sb. of st. to draw people's attention ; indicating mild imperative/suggestion/exclamation/guess/etc.,top2/709.mp3
突破,"túpò (突破, 突破)","make a breakthrough, surmount",top2/710.mp3
後面,"hòumiàn (後面, 后面)","rear, back, in the rear, latter, behind, rearward, at the back",top2/711.mp3
污染,"wūrǎn (污染, 污染)","pollute, contaminate",top2/712.mp3
陸續,"lùxù (陸續, 陆续)","continuously, one after another, in succession",top2/713.mp3
飛,"fēi (飛, 飞)","hover in the air, flight, hover, volatilize, wing, disappear through volatilization, flutter, skip, hover/flutter in the air, fly, blow, flutter in the air, flit",top2/714.mp3
內心,"nèixīn (內心, 内心)","interior, inner being, conscience, inside, breast, bosom, innermost being, incenter, heart",top2/715.mp3
女子,"nǔzǐ (女子, 女子)","lady, female, femme, young lady, adult female, missy, young woman, fem, moll, womankind, fille, damsel, girl, miss, woman, wren, blade",top2/716.mp3
玻璃,"bōlí (玻璃, 玻璃)","plastic, vitrum, putty, vitreous, nylon, window, windowpane, cutter, glass",top2/717.mp3
神,"shén (神, 神)","god, supreme, architect, Thor, superpersonality, Providence, providence, Deus, immortal, energy, numen, Being, divine, being, Surname, maker, Allah, vitality, look, deity, spirit, gum, omnipotent, anthropomorphism, expression, mind, soul, omniscience, immortality, omniscient, kami, Elohim, divinity",top2/718.mp3
中,"zhōng (中, 中)",China,top2/719.mp3
市民,"shìmín (市民, 市民)","citizen, burgess, citizenry, metropolitan, townsman, townsfolk, town, towner, civic, residents of a city, townee, burgher, townspeople",top2/720.mp3
承認,"chéngrèn (承認, 承认)","receive, acknowledge, okay, approbate, validate, recognize, avow, admittance, count, confess, sanctify, grant, countersign, avouch, admit, acknowledgement, reckon, own, sanction, give diplomatic recognition, concede, cede, give, ratify, agree, recognise, accept, recognition, yield, allow, endorse, profess",top2/721.mp3
不滿,"bùmǎn (不滿, 不满)","resentful, dissatisfied",top2/722.mp3
年齡,"niánlíng (年齡, 年龄)","summer, age",top2/723.mp3
記憶,"jìyì (記憶, 记忆)",memory,top2/724.mp3
打算,"dǎsuàn (打算, 打算)","mean, specify, plan, think, intention, propose, design, purpose, contemplate, allot, destine, calculate, intend, designate, be after",top2/725.mp3
應用,"yìngyòng (應用, 应用)","apply, use",top2/726.mp3
老闆,"lǎobǎn (老闆, 老板)","proprietor, chief, shopkeeper, Tuan, baas, honcho, hirer, storekeeper, milord, bwana, mugwump, cit, market keeper, buckra, governor, boss, joss, tradesman, employer, guv",top2/727.mp3
成熟,"chéngshú (成熟, 成熟)","ripe, mature",top2/728.mp3
進,"jìn (進, 进)","enter, come/go into, advance",top2/729.mp3
證明,"zhèngmíng (證明, 证明)","prove, testify, bear out",top2/730.mp3
國立,"guólì (國立, 国立)","run, state, state maintained, national, state run, state maintained, national run, state/national maintained/run, national maintained",top2/731.mp3
施工,"shīgōng (施工, 施工)",work on of construction,top2/732.mp3
名,"míng (名, 名)","name, fame, reputation",top2/733.mp3
叫做,"jiàozuò (叫做, 叫做)","clepe, be known as, be called, call",top2/734.mp3
入,"rù (入, 入)","agree with, set of sun , set, take in, join, receive, be admitted into, become a member of, enter, descend, infiltrate, conform with, conform to, interlard",top2/735.mp3
包含,"bāohán (包含, 包含)","comprehend, consist of, subtend, imply, boast, go, colligate, include, hold, encompass, embrace, bear, carry, comprise, incorporate, cover, embody, connote, consist in, house, subsume, contain",top2/736.mp3
場所,"chángsuǒ (場所, 场所)","site, digging, terrain, locality, point, arena, scene, room, locus, location, locale, stead, scene of action, lieu, amenity, meridian, where, spot, space, land site, place, seat",top2/737.mp3
後,"hòu (後, 后)","rear, back, behind",top2/738.mp3
行,"xíng (行, 行)","go, travel, prevail, circulate, be current",top2/739.mp3
休息,"xiūxí (休息, 休息)","repose, have, lie dormant, respire, take time off, have a rest, take a rest, take off, relax, take_time_off, have/take a rest, rest",top2/740.mp3
從來,"cónglái (從來, 从来)","all along, at all times, always",top2/741.mp3
東,"dōng (東, 东)",east,top2/742.mp3
要是,"yàoshì (要是, 要是)","conj.: if, suppose, in case",top2/743.mp3
適應,"shìyìng (適應, 适应)","be accustomed to, conform, be used to, fit, humor, gear, orient, phase, adjust, accommodate, be accustomed, be inure to, get used to, adaptation, adapt, suit",top2/744.mp3
工會,"gōnghuì (工會, 工会)",trade/labor union,top2/745.mp3
聽說,"tīngshuō (聽說, 听说)","hear, understand, learn, rumor, hear that..., hear/understand that..., be told, understand that..., hear of",top2/746.mp3
高級,"gāojí (高級, 高级)","high level,  high class,  quality",top2/747.mp3
距離,"jùlí (距離, 距离)",distance,top2/748.mp3
不易,"búyì (不易, 不易)",uneasy,top2/749.mp3
有沒有,"yǒuméiyǒu (有沒有, 有没有)",have or not have,top2/750.mp3
人性,"rénxìng (人性, 人性)","reason, hypostasis, humanitarianism, normal human feelings, humanness, humanity, humanism, human nature, flesh, humanistic, manhood",top2/751.mp3
走到,"zǒudào (走到, 走到)",go to,top2/752.mp3
拍,"pāi (拍, 拍)","clap, pat, lick sb.'s boots",top2/753.mp3
馬,"mǎ (馬, 马)",horse,top2/754.mp3
規則,"guīzé (規則, 规则)","rule, regulation",top2/755.mp3
以外,"yǐwài (以外, 以外)","other than, except, beyond, outside",top2/756.mp3
關懷,"guānhuái (關懷, 关怀)",show loving care/concern for,top2/757.mp3
另一方面,"lìngyīfāngmiàn (另一方面, 另一方面)",conj.: on the other hand,top2/758.mp3
實力,"shílì (實力, 实力)","strength, actual strength, efficiency",top2/759.mp3
假如,"jiǎrú (假如, 假如)","conj.: if, supposing, in case",top2/760.mp3
研發,"yánfā (研發, 研发)","research and develop, R&D, research and develop something, research and development",top2/761.mp3
攻擊,"gōngjí (攻擊, 攻击)","attack, assault, accuse, vilify",top2/762.mp3
幹部,"gànbù (幹部, 干部)","organizer, staff, cadre",top2/763.mp3
資格,"zīgé (資格, 资格)","claim, credential, prerequisite, character, capability, qualifications, requirement, qualification, capacity, root/basis part of a character, status, sufficiency, seniority, competence, fitness, competency, condition",top2/764.mp3
引進,"yǐnjìn (引進, 引进)","recommend, introduce from elsewhere",top2/765.mp3
做到,"zuòdào (做到, 做到)","achievement, accomplishment, achieve, accomplish",top2/766.mp3
吃飯,"chīfàn (吃飯, 吃饭)","feed, dine, make a living, keep alive, have a meal, eat",top2/767.mp3
保險,"bǎoxiǎn (保險, 保险)",insurance,top2/768.mp3
發行,"fāxíng (發行, 发行)","issue, publish, distribute, put on sale",top2/769.mp3
壞,"huài (壞, 坏)",spoiled,top2/770.mp3
證券,"zhèngquàn (證券, 证券)","document, bond, bill, stock certificate, security, certificate, portfolio, bond certificate, negotiable securities, stock",top2/771.mp3
大幅,"dàfú (大幅, 大幅)",to a great extent,top2/772.mp3
還有,"háiyǒu (還有, 还有)","conj.: furthermore, in addition",top2/773.mp3
公斤,"gōngjīn (公斤, 公斤)",m.[standard],top2/774.mp3
性質,"xìngzhí (性質, 性质)","kidney, attribute, fibre, description, affection, temper, nature, self, mold, temperament, property, composition, character, hair, bent, kind, disposition, habitude, meridian, dimension, quality, note, sort",top2/775.mp3
某些,"mǒuxiē (某些, 某些)","little, some, det.: come",top2/776.mp3
幸福,"xìngfú (幸福, 幸福)",happy,top2/777.mp3
以上,"yǐshàng (以上, 以上)",the above/foregoing/above mentioned,top2/778.mp3
明確,"míngquè (明確, 明确)","define, make clear/definite, make definite, definite, make clear",top2/779.mp3
聯盟,"liánméng (聯盟, 联盟)","conference, alliance, coalition, hookup, ally, Verein, confederacy, federacy, circuit, combination, Bund, confederation, federation, union, bloc, league, axis",top2/780.mp3
主持,"zhǔchí (主持, 主持)","preside, head, care of, take care of, preside over, chair, minister, sponsor, direct, uphold, direction, take charge/care of, take charge of, moderate, emcee, celebrate, manage, host, mastermind, officiate, stand for, managment, run, take charge, compere",top2/781.mp3
一再,"yīzài (一再, 一再)","repeatedly, again and again, time and again, over_and_over",top2/782.mp3
保育,"bǎoyū (保育, 保育)",child care,top2/783.mp3
師生,"shīshēng (師生, 师生)",teacher and student,top2/784.mp3
立委,"lìwěi (立委, 立委)",legislator,top2/785.mp3
改,"gǎi (改, 改)","alteration, rectification, transformation, change, correct, put ... right, transform, rectify, revision, switch over to, ameliorate, revise, put right, amend, correction, gybe, alter",top2/786.mp3
年,"nián (年, 年)","age, New Year, a period in one's life, a period in history, harvest",top2/787.mp3
多半,"duōbàn (多半, 多半)",det : the greater part,top2/788.mp3
管道,"guǎndào (管道, 管道)","pipeline, conduit, piping, channel for communication/etc.",top2/789.mp3
絕不,"juébù (絕不, 绝不)","to no degree, by no means, scarcely, nowise, not by a long sight, not by a blame sight, never, ne'er, hardly",top2/790.mp3
報,"bào (報, 报)","newspaper, periodical, bulletin, telegram",top2/791.mp3
認同,"rèntóng (認同, 认同)","identify,  have meeting of the minds",top2/792.mp3
一致,"yīzhì (一致, 一致)","symphonize, coheiress, identical, quadrate, accord, coincide, equate, homologize, answer, comport, concur, consist, unanimous, chime_in, agree, jibe, unite, square, correspond, consort",top2/793.mp3
最多,"zuìduō (最多, 最多)",the majority,top2/794.mp3
股票,"gǔpiào (股票, 股票)","capital stock, share, stock certificate, security, share certificate, stock",top2/795.mp3
作者,"zuòzhě (作者, 作者)","composer, author, writer, wright, paragrapher, auteur, paternity",top2/796.mp3
島,"dǎo (島, 岛)","island, isle",top2/797.mp3
細胞,"xìbāo (細胞, 细胞)",cell,top2/798.mp3
病毒,"bìngdú (病毒, 病毒)","worm, viral, virus",top2/799.mp3
衛生,"wèishēng (衛生, 卫生)","hygiene, health, sanitation",top2/800.mp3
易,"yì (易, 易)",easy,top2/801.mp3
抗議,"kàngyì (抗議, 抗议)",protest,top2/802.mp3
免費,"miǎnfèi (免費, 免费)","be free of charge, free_of_charge, gratuitous, gratis",top2/803.mp3
教育局,"jiàoyūjú (教育局, 教育局)",Bureau of Education,top2/804.mp3
哪,"na (哪, 哪)",particle: formed by linking syllable ending in n with particle a,top2/805.mp3
農業,"nóngyè (農業, 农业)","farm, farming, geoponics, husbandry, agricultural, plow, agriculture",top2/806.mp3
管制,"guǎnzhì (管制, 管制)","regulate, govern, guard, break_in, tie_up, tutor, regularize, put under surveillance, order, control",top2/807.mp3
一定,"yīdìng (一定, 一定)",certain,top2/808.mp3
自動化,"zìdònghuà (自動化, 自动化)",automation,top2/809.mp3
展示,"zhǎnshì (展示, 展示)","reveal, lay bare",top2/810.mp3
情感,"qínggǎn (情感, 情感)","affect, friendship, sensibility, bond, emotion, bosom, breast, sentiment, emotional, chasm, feeling, feelings",top2/811.mp3
熱,"rè (熱, 热)",hot,top2/812.mp3
一邊,"yībiān (一邊, 一边)","at the same time, simultaneously;on the one/other hand",top2/813.mp3
忘,"wàng (忘, 忘)","forget, overlook, neglect",top2/814.mp3
拒絕,"jùjué (拒絕, 拒绝)","deny, rebut, bar, repel, naysay, scout, abnegate, overrule, reject, decline, disclaim, eliminate, refusal, deduct, turn away, snub, shut, thumb, debar, abjure, override, exclude, recant, turndown, withhold, renunciate, retract, repudiate, forswear, turn_down, turn down, nill, kick, brush_off, repulse, rule out, brush off, recoup, pass up, rebuff, rejection, renounce, refuse, nix, foreclose",top2/815.mp3
只有,"zhǐyǒu (只有, 只有)","conj.: only,  alone",top2/816.mp3
妻子,"qīzǐ (妻子, 妻子)","frow, feme, married woman, wifelike, wife, woman, femme, missis, squaw",top2/817.mp3
行業,"hángyè (行業, 行业)","metier, mystery, profession, line, game, craft, calling, trade, industry, biz, walk_of_life, racket, living",top2/818.mp3
經理,"jīnglǐ (經理, 经理)","amaldar, intendant, manager, steward, executive, managing director, exec, director, skipper, syndic, executive director",top2/819.mp3
那樣,"nàyàng (那樣, 那样)","that kind of, like that",top2/820.mp3
和平,"hépíng (和平, 和平)","mild, peaceful",top2/821.mp3
哭,"kū (哭, 哭)","greet, cry, weep",top2/822.mp3
城,"chéng (城, 城)","wall, city wall, city, kasbah, town, township, burgh, castle, burg",top2/823.mp3
根,"gēn (根, 根)",m.[general],top2/824.mp3
主人,"zhǔrén (主人, 主人)","lord, housemaster, host, symposiarch, marse, bwana, padrone, boss, master, baas, provider, mast, owner, landlord",top2/825.mp3
廠,"chǎng (廠, 厂)","factory, mill, plant, works, yard, depot",top2/826.mp3
大人,"dàrén (大人, 大人)","grownup, adult, milord, respectful salutation for one's seniors/, grown up, respectful salutation for one's parents, Your Excellency, panjandrum, Highness, respectful salutation for one's parents/seniors/etc., Tuan, Bahadur, bahadur, sahib",top2/827.mp3
機器,"jīqì (機器, 机器)","enginery, life, machinery, machine, plant, apparatus, engine, gizmo",top2/828.mp3
不得,"bùdé (不得, 不得)","must/may not, not be allowed",top2/829.mp3
橋,"qiáo (橋, 桥)","backbend, fret, span, pons, pier arch, bridge, spar",top2/830.mp3
以下,"yǐxià (以下, 以下)",the following,top2/831.mp3
幅,"fú (幅, 幅)","vector, width of cloth, size, piece, m.[general], ",top2/832.mp3
公分,"gōngfēn (公分, 公分)",m.[standard],top2/833.mp3
失敗,"shībài (失敗, 失败)","be defeated, fail, lose",top2/834.mp3
真實,"zhēnshí (真實, 真实)","true, real, authentic, factual",top2/835.mp3
主張,"zhǔzhāng (主張, 主张)","advocate, stand for, maintain, hold",top2/836.mp3
外面,"wàimiàn (外面, 外面)","surface, outward appearance, without, outside, exterior",top2/837.mp3
直,"zhí (直, 直)","directly, straight, continuously, just, simply",top2/838.mp3
車子,"chēzi (車子, 车子)",vehicle,top2/839.mp3
星期,"xīngqí (星期, 星期)","Sunday, week",top2/840.mp3
表面,"biǎomiàn (表面, 表面)","crust, superficial, facing, show, exterior, obverse, rind, face, superficies, top, outside, appearance, facade, surface, bosom, window dressing",top2/841.mp3
紐約,"niǒuyuē (紐約, 纽约)",New York city in American,top2/842.mp3
做法,"zuòfǎ (做法, 做法)","way of doing sth., modus_operandi, practice, manner, method, making sth., way of making sth., shtick, way, way of doing, way of doing/making sth., personal manner",top2/843.mp3
創意,"chuàngyì (創意, 创意)","create new meanings, get up and",top2/844.mp3
台中,"táizhōng (台中, 台中)",Taichung big city in Taiwan,top2/845.mp3
乃,"nǎi (乃, 乃)",therefore,top2/846.mp3
構成,"gòuchéng (構成, 构成)","constitute, form, compose, make up",top2/847.mp3
網際,"wǎngjì (網際, 网际)",internet,top2/848.mp3
怎麼辦,"zěnmebàn (怎麼辦, 怎么办)",what should someone do?,top2/849.mp3
事務,"shìwù (事務, 事务)","pursuit, shebang, routine, affair, work, concern, general affairs, desk, business, matter, transaction",top2/850.mp3
眼前,"yǎnqián (眼前, 眼前)",before one's eyes,top2/851.mp3
警察,"jǐngchá (警察, 警察)","police officer, cop, trooper, bluecoat, finest, jack, peon, policeman, police force, constable, policemen, flattie, fuzz, constabulary, shamus, bull, bobby, robert, copper, tipstaff, rozzer, flatfoot, john, peeler, Vopo, law, runner, officer, gumshoe, pig, police, the police, beetle crusher, flic",top2/852.mp3
個性,"gèxìng (個性, 个性)","kidney, specific property, personalism, fibre, individuation, personhood, particularity, fiber, character, individual character, self identity, mentality, idiosyncrasy, spirit, individuality, individualism, selfhood, personality",top2/853.mp3
研究院,"yánjiùyuàn (研究院, 研究院)","research institute, academy",top2/854.mp3
意願,"yìyuàn (意願, 意愿)","will, wish, desire, inclination, aspiration, request, pleasure",top2/855.mp3
視訊,"shìxùn (視訊, 视讯)","visual signal, video, display",top2/856.mp3
體制,"tǐzhì (體制, 体制)","frame, organization, system of organization, framework, system, apparatus, framing, organisation",top2/857.mp3
經濟部,"jīngjìbù (經濟部, 经济部)",Ministry of Economic Affairs,top2/858.mp3
感受,"gǎnshòu (感受, 感受)","perception, sentiment, mood",top2/859.mp3
負責人,"fùzérén (負責人, 负责人)","sponsor, point man, leading cadre, person in charge, undertaker, keeper",top2/860.mp3
